{"iter": 3, "val_mses": [12.267387390136719, 10.737133979797363, 10.338186264038086, 10.20885944366455, 10.025575637817383, 9.826139450073242, 9.732389450073242, 9.69157886505127, 9.523735046386719, 9.461393356323242, 9.347188949584961, 9.256340026855469, 9.015298843383789, 8.912172317504883, 8.858357429504395, 8.794684410095215, 8.751182556152344, 8.713772773742676, 8.674320220947266, 8.650917053222656, 8.599111557006836, 8.580282211303711, 8.576823234558105, 8.568785667419434, 8.525077819824219, 8.515450477600098, 8.497859001159668, 8.524701118469238, 8.451820373535156, 8.491774559020996, 8.444657325744629, 8.561211585998535, 8.467693328857422, 8.456341743469238, 8.457237243652344, 8.441218376159668, 8.426630973815918, 8.4081392288208, 8.438483238220215, 8.413829803466797, 8.4841890335083, 8.412774085998535, 8.434703826904297, 8.39482307434082, 8.399826049804688, 8.443561553955078, 8.384943008422852, 8.416963577270508, 8.383066177368164, 8.379558563232422, 8.37061882019043, 8.341066360473633, 8.364444732666016, 8.35092544555664, 8.353232383728027, 8.355323791503906, 8.352631568908691, 8.326119422912598, 8.320755958557129, 8.315080642700195, 8.36137866973877, 8.293665885925293, 8.325491905212402, 8.319668769836426, 8.313460350036621, 8.296409606933594, 8.273564338684082, 8.313750267028809, 8.27896785736084, 8.28869915008545, 8.30525016784668, 8.275806427001953, 8.272263526916504, 8.271286010742188, 8.309165000915527, 8.261107444763184, 8.279026985168457, 8.270500183105469, 8.270620346069336, 8.271644592285156, 8.259242057800293, 8.227824211120605, 8.410948753356934, 8.218728065490723, 8.262425422668457, 8.291446685791016, 8.249000549316406, 8.227234840393066, 8.271124839782715, 8.237298011779785, 8.268172264099121, 8.20978832244873, 8.287328720092773, 8.217524528503418, 8.233663558959961, 8.221855163574219, 8.27137279510498, 8.229522705078125, 8.219830513000488, 8.212848663330078], "best_val_epoch": 92, "model": "AE_sound_FiLM_embed_64", "lr": 0.0001, "batch_size": 256, "context": ""}