{"iter": 2, "val_mses": [10.55417537689209, 9.933039665222168, 9.65820026397705, 9.407723426818848, 9.27857494354248, 9.14509105682373, 9.095756530761719, 9.001115798950195, 8.962212562561035, 8.890686988830566, 8.840930938720703, 8.690658569335938, 8.587244987487793, 8.53496265411377, 8.478205680847168, 8.46206283569336, 8.479960441589355, 8.458770751953125, 8.434102058410645, 8.434911727905273, 8.412893295288086, 8.420015335083008, 8.380532264709473, 8.383935928344727, 8.3313570022583, 8.333721160888672, 8.318803787231445, 8.320545196533203, 8.315763473510742, 8.273148536682129, 8.261773109436035, 8.2490816116333, 8.237317085266113, 8.240447998046875, 8.215633392333984, 8.226801872253418, 8.208489418029785, 8.190542221069336, 8.19935417175293, 8.160872459411621, 8.155255317687988, 8.183921813964844, 8.178513526916504, 8.1544828414917, 8.160984992980957, 8.139856338500977, 8.114822387695312, 8.130502700805664, 8.135632514953613, 8.168281555175781, 8.108335494995117, 8.117108345031738, 8.135174751281738, 8.106237411499023, 8.09363079071045, 8.120283126831055, 8.051143646240234, 8.058653831481934, 8.06210708618164, 8.056388854980469, 8.112858772277832, 8.083120346069336, 8.0604248046875, 8.05216121673584, 8.064562797546387, 8.06977653503418, 8.041046142578125, 8.05671501159668, 8.031072616577148, 8.0950345993042, 8.037652015686035, 8.033135414123535, 8.106278419494629, 8.024335861206055, 8.057143211364746, 8.042794227600098, 8.044632911682129, 8.061460494995117, 8.048192024230957, 8.036852836608887, 8.028716087341309, 8.03498363494873, 8.01551628112793, 8.052587509155273, 8.024324417114258, 8.037884712219238, 8.021683692932129, 8.00776195526123, 8.01910400390625, 8.004054069519043, 8.036733627319336, 8.010900497436523, 8.038900375366211, 8.022403717041016, 8.010662078857422, 8.035911560058594, 8.078460693359375, 8.039573669433594, 8.0097074508667, 8.013578414916992], "best_val_epoch": 90, "model": "AE_sound_FiLM_embed_64", "lr": 0.0001, "batch_size": 256, "context": ""}