{"iter": 1, "val_mses": [11.366693496704102, 10.814044952392578, 10.510210037231445, 10.275277137756348, 10.145679473876953, 10.058744430541992, 10.007529258728027, 9.98240852355957, 9.969843864440918, 9.914999008178711, 9.844362258911133, 9.81629467010498, 9.798139572143555, 9.7466459274292, 9.728278160095215, 9.707673072814941, 9.668495178222656, 9.270524024963379, 9.194626808166504, 9.133580207824707, 9.05274772644043, 9.011055946350098, 8.9517240524292, 8.928712844848633, 8.890028953552246, 8.840985298156738, 8.827675819396973, 8.812663078308105, 8.779488563537598, 8.788540840148926, 8.762956619262695, 8.775917053222656, 8.781085014343262, 8.716411590576172, 8.70553207397461, 8.69299602508545, 8.683582305908203, 8.677186012268066, 8.642019271850586, 8.61685562133789, 8.63752555847168, 8.601739883422852, 8.601847648620605, 8.596534729003906, 8.578140258789062, 8.572261810302734, 8.550124168395996, 8.557503700256348, 8.526665687561035, 8.55152416229248, 8.547410011291504, 8.516998291015625, 8.490979194641113, 8.52807331085205, 8.539935111999512, 8.468450546264648, 8.484703063964844, 8.472418785095215, 8.483558654785156, 8.465405464172363, 8.454598426818848, 8.455574035644531, 8.45767593383789, 8.450200080871582, 8.429238319396973, 8.477489471435547, 8.428886413574219, 8.450640678405762, 8.439534187316895, 8.428521156311035, 8.447979927062988, 8.45305061340332, 8.459771156311035, 8.412908554077148, 8.410301208496094, 8.425272941589355, 8.43832778930664, 8.420577049255371, 8.411357879638672, 8.429845809936523, 8.399523735046387, 8.448949813842773, 8.424873352050781, 8.404245376586914, 8.428804397583008, 8.38577651977539, 8.410446166992188, 8.45577335357666, 8.435600280761719, 8.425800323486328, 8.415913581848145, 8.386117935180664, 8.399611473083496, 8.437209129333496, 8.425289154052734, 8.370841026306152, 8.390717506408691, 8.382694244384766, 8.418746948242188, 8.37529182434082], "best_val_epoch": 96, "model": "AE_sound_FiLM_embed_64", "lr": 0.0001, "batch_size": 256, "context": ""}