{"fan_3_6dB": {"ROC-AUC": 0.997437536538325, "PR-AUC": 0.9959850967904537}, "fan_3_min6dB": {"ROC-AUC": 0.8397995924098631, "PR-AUC": 0.7747131673671508}, "fan_3_0dB": {"ROC-AUC": 0.9782600381364498, "PR-AUC": 0.96640787679701}}