{"fan_3_6dB": {"ROC-AUC": 0.9990110748687353, "PR-AUC": 0.9985115183502263}, "fan_3_min6dB": {"ROC-AUC": 0.8250094248389582, "PR-AUC": 0.7450745099297632}, "fan_3_0dB": {"ROC-AUC": 0.9748397777377108, "PR-AUC": 0.9610744653350545}}