{"fan_3_6dB": {"ROC-AUC": 0.9992186945095533, "PR-AUC": 0.9987824748342045}, "fan_3_min6dB": {"ROC-AUC": 0.823080747649254, "PR-AUC": 0.7422586224337988}, "fan_3_0dB": {"ROC-AUC": 0.9772110125828429, "PR-AUC": 0.9619597486486335}}