{"fan_3_6dB": {"AUC": 0.9990110748687353}, "fan_3_min6dB": {"AUC": 0.8250094248389582}, "fan_3_0dB": {"AUC": 0.9748397777377108}}