{"fan_3_6dB": {"AUC": 0.997437536538325}, "fan_3_min6dB": {"AUC": 0.8397995924098631}, "fan_3_0dB": {"AUC": 0.9782600381364498}}