{"fan_3_6dB": {"AUC": 0.9992186945095533}, "fan_3_min6dB": {"AUC": 0.823080747649254}, "fan_3_0dB": {"AUC": 0.9772110125828429}}