{"iter": 2, "val_mses": [16.89089584350586, 13.347128868103027, 13.396932601928711, 13.218648910522461, 13.112682342529297, 12.411602020263672, 12.28427505493164, 12.226373672485352, 11.841789245605469, 11.236456871032715, 11.058488845825195, 11.028545379638672, 11.08482837677002, 11.1354398727417, 11.263296127319336, 11.291231155395508, 11.289836883544922, 11.092347145080566, 11.060227394104004, 11.023295402526855, 11.065126419067383, 11.020683288574219, 11.094828605651855, 10.977462768554688, 10.880267143249512, 10.9162015914917, 10.844795227050781, 10.865927696228027, 10.870957374572754, 10.857192993164062, 10.764184951782227, 10.848898887634277, 10.834946632385254, 10.788789749145508, 10.750905990600586, 10.77874755859375, 10.740626335144043, 10.803832054138184, 10.734959602355957, 10.772165298461914, 10.762652397155762, 10.781638145446777, 10.716705322265625, 10.781108856201172, 10.798632621765137, 10.843289375305176, 10.784043312072754, 10.753114700317383, 10.825146675109863, 10.76296329498291, 10.908695220947266, 10.831247329711914, 10.889998435974121, 10.867097854614258, 10.964863777160645, 10.80956745147705, 10.851290702819824, 10.9549560546875, 10.909192085266113, 10.952439308166504, 10.954451560974121, 10.879874229431152, 10.882092475891113, 10.941658020019531, 10.850582122802734, 10.944650650024414, 10.923388481140137, 10.853363037109375, 10.825803756713867, 10.814385414123535, 10.911104202270508, 10.7967529296875, 10.848082542419434, 10.887989044189453, 10.861993789672852, 10.783010482788086, 10.693873405456543, 10.70111083984375, 10.65933609008789, 10.65185832977295, 10.653167724609375, 10.50704288482666, 10.55997085571289, 10.56839656829834, 10.579022407531738, 10.482956886291504, 10.424111366271973, 10.53927993774414, 10.480737686157227, 10.509764671325684, 10.451864242553711, 10.526803016662598, 10.460471153259277, 10.520182609558105, 10.540071487426758, 10.580550193786621, 10.647335052490234, 10.594307899475098, 10.648680686950684, 10.617918968200684], "best_val_epoch": 87, "model": "AE_sound", "lr": 0.0001, "batch_size": 256, "context": "7"}