{"iter": 3, "val_mses": [19.053871154785156, 17.33540153503418, 14.295196533203125, 14.077427864074707, 12.789458274841309, 12.460677146911621, 12.426804542541504, 12.087605476379395, 11.742340087890625, 10.920666694641113, 10.817063331604004, 10.804424285888672, 10.751425743103027, 10.675374031066895, 10.622969627380371, 10.5958833694458, 10.544074058532715, 10.55605411529541, 10.483920097351074, 10.538965225219727, 10.51280403137207, 10.438642501831055, 10.405082702636719, 10.387285232543945, 10.370261192321777, 10.329582214355469, 10.323410987854004, 10.295902252197266, 10.228790283203125, 10.260173797607422, 10.219499588012695, 10.197317123413086, 10.13442611694336, 10.110587120056152, 10.111263275146484, 10.091485977172852, 10.094991683959961, 10.098520278930664, 10.06068229675293, 10.035012245178223, 10.053421974182129, 10.059700012207031, 10.043660163879395, 10.045531272888184, 10.014646530151367, 10.019514083862305, 9.981776237487793, 9.981983184814453, 10.01008129119873, 9.99722671508789, 9.960708618164062, 9.945974349975586, 9.971745491027832, 9.98906421661377, 9.926399230957031, 9.918540954589844, 9.896303176879883, 9.881443977355957, 9.886746406555176, 9.899023056030273, 9.881296157836914, 9.916034698486328, 9.899837493896484, 9.840143203735352, 9.853623390197754, 9.858670234680176, 9.83238697052002, 9.875388145446777, 9.846651077270508, 9.86957836151123, 9.838269233703613, 9.814390182495117, 9.853996276855469, 9.833257675170898, 9.802164077758789, 9.824590682983398, 9.790017127990723, 9.78974723815918, 9.732985496520996, 9.775522232055664, 9.789824485778809, 9.709567070007324, 9.676998138427734, 9.70666217803955, 9.731505393981934, 9.732912063598633, 9.696847915649414, 9.654180526733398, 9.722557067871094, 9.67648696899414, 9.754175186157227, 9.64942741394043, 9.68897533416748, 9.678801536560059, 9.66823673248291, 9.622367858886719, 9.67966079711914, 9.596996307373047, 9.648162841796875, 9.65263843536377], "best_val_epoch": 98, "model": "AE_sound", "lr": 0.0001, "batch_size": 256, "context": "11"}