{"iter": 1, "val_mses": [19.66669273376465, 15.655177116394043, 15.113757133483887, 14.682547569274902, 14.244497299194336, 14.006190299987793, 13.767563819885254, 13.721525192260742, 13.74163818359375, 13.717482566833496, 13.420187950134277, 13.420443534851074, 13.455599784851074, 13.397539138793945, 13.352368354797363, 13.399949073791504, 13.259021759033203, 13.401671409606934, 13.359697341918945, 13.290090560913086, 13.258548736572266, 13.304302215576172, 13.138833045959473, 13.279150009155273, 13.216965675354004, 13.190604209899902, 13.149999618530273, 13.244086265563965, 13.223339080810547, 13.154441833496094, 13.160408973693848, 13.163382530212402, 13.162541389465332, 13.173894882202148, 13.13255500793457, 13.074736595153809, 13.06718921661377, 12.997897148132324, 13.046528816223145, 13.011043548583984, 13.067509651184082, 13.0302152633667, 13.072907447814941, 13.089743614196777, 12.962233543395996, 13.03842830657959, 12.955653190612793, 13.00920581817627, 13.009288787841797, 13.035663604736328, 13.050641059875488, 13.052766799926758, 12.979830741882324, 12.972039222717285, 13.171308517456055, 13.025364875793457, 12.955467224121094, 12.99828052520752, 12.98468017578125, 12.903223037719727, 12.986883163452148, 12.953795433044434, 12.9744291305542, 12.87537670135498, 12.97401237487793, 12.925392150878906, 12.96009349822998, 12.884540557861328, 12.925244331359863, 12.958727836608887, 12.991835594177246, 12.895222663879395, 13.012861251831055, 12.910916328430176, 12.907203674316406, 12.948891639709473, 12.915813446044922, 12.831847190856934, 12.84457778930664, 12.843621253967285, 12.895398139953613, 12.89509391784668, 12.8414888381958, 12.861940383911133, 12.839834213256836, 12.84021282196045, 12.828939437866211, 12.809196472167969, 12.77331256866455, 12.74688720703125, 12.811924934387207, 12.888165473937988, 12.775517463684082, 12.783563613891602, 12.810081481933594, 12.758898735046387, 12.794105529785156, 12.722536087036133, 12.717272758483887, 12.785407066345215], "best_val_epoch": 99, "model": "AE_sound", "lr": 0.0001, "batch_size": 256, "context": "9"}