{"iter": 2, "val_mses": [20.13519287109375, 18.313556671142578, 15.8051176071167, 14.487815856933594, 12.54849910736084, 11.045775413513184, 10.693171501159668, 10.483644485473633, 10.207352638244629, 9.868074417114258, 9.686477661132812, 9.555702209472656, 9.437849998474121, 9.354686737060547, 9.323774337768555, 9.276043891906738, 9.231607437133789, 9.215971946716309, 9.163860321044922, 9.113114356994629, 9.086313247680664, 9.038065910339355, 9.042180061340332, 9.003952026367188, 8.9899320602417, 8.939351081848145, 8.960062980651855, 8.90272045135498, 8.890094757080078, 8.865137100219727, 8.854456901550293, 8.790217399597168, 8.793587684631348, 8.742304801940918, 8.731790542602539, 8.725780487060547, 8.727267265319824, 8.701360702514648, 8.697406768798828, 8.699288368225098, 8.682122230529785, 8.657535552978516, 8.658202171325684, 8.663883209228516, 8.646658897399902, 8.640807151794434, 8.61955738067627, 8.61066722869873, 8.589986801147461, 8.573589324951172, 8.569633483886719, 8.553983688354492, 8.530936241149902, 8.523152351379395, 8.54744815826416, 8.494487762451172, 8.498479843139648, 8.489042282104492, 8.476726531982422, 8.47586441040039, 8.452868461608887, 8.442758560180664, 8.456059455871582, 8.43043327331543, 8.412790298461914, 8.402978897094727, 8.413534164428711, 8.39924430847168, 8.377285957336426, 8.369016647338867, 8.352842330932617, 8.348472595214844, 8.341146469116211, 8.326091766357422, 8.327567100524902, 8.290989875793457, 8.31335735321045, 8.280858993530273, 8.28414249420166, 8.27687931060791, 8.259222984313965, 8.24515151977539, 8.259110450744629, 8.252745628356934, 8.242575645446777, 8.24478530883789, 8.23122787475586, 8.233771324157715, 8.204065322875977, 8.207043647766113, 8.20249080657959, 8.207002639770508, 8.1758394241333, 8.174787521362305, 8.151248931884766, 8.137969017028809, 8.158169746398926, 8.144488334655762, 8.099998474121094, 8.130393028259277], "best_val_epoch": 99, "model": "AE_sound", "lr": 0.0001, "batch_size": 256, "context": "14"}