{"iter": 1, "val_mses": [23.032699584960938, 23.0272159576416, 23.00503921508789, 23.03871726989746, 23.000228881835938, 23.03982925415039, 23.052783966064453, 23.038198471069336, 23.000450134277344, 22.98943519592285, 22.986703872680664, 22.935043334960938, 22.9251766204834, 22.92185401916504, 22.88617706298828, 22.95966148376465, 22.86763572692871, 22.833459854125977, 22.827682495117188, 22.819690704345703, 22.737863540649414, 22.741809844970703, 22.680105209350586, 22.624832153320312, 22.593881607055664, 22.495750427246094, 22.493377685546875, 22.4025936126709, 22.383026123046875, 22.295175552368164, 22.23925018310547, 22.1895751953125, 22.198162078857422, 22.114355087280273, 22.09792709350586, 22.0875301361084, 22.084625244140625, 22.067068099975586, 22.071189880371094, 22.035369873046875, 22.022756576538086, 22.026464462280273, 22.058391571044922, 22.03249168395996, 22.02886962890625, 22.018009185791016, 22.014530181884766, 22.027673721313477, 22.003002166748047, 22.041810989379883, 22.01788902282715, 22.035598754882812, 22.004194259643555, 22.012210845947266, 22.022642135620117, 22.019973754882812, 22.01243019104004, 22.01439666748047, 22.000017166137695, 22.022647857666016, 22.040679931640625, 22.024065017700195, 22.015836715698242, 22.020925521850586, 22.02061653137207, 22.029434204101562, 22.04007339477539, 22.028579711914062, 22.015155792236328, 22.0003604888916, 22.0137882232666, 22.01256561279297, 22.0462589263916, 22.01200294494629, 22.023616790771484, 22.00028419494629, 22.02268409729004, 22.036182403564453, 22.005687713623047, 22.034292221069336, 22.048288345336914, 22.04119300842285, 22.04315185546875, 21.999509811401367, 22.02958869934082, 22.025575637817383, 22.0224666595459, 22.036422729492188, 22.023120880126953, 22.009883880615234, 22.041229248046875, 22.01774024963379, 22.013019561767578, 22.008337020874023, 22.059457778930664, 22.015254974365234, 22.000009536743164, 22.000728607177734, 22.048097610473633, 22.01900291442871], "best_val_epoch": 84, "model": "AE_sound", "lr": 0.0001, "batch_size": 256, "context": "10"}