{"iter": 2, "val_mses": [8.703178405761719, 8.394071578979492, 7.41529655456543, 6.859958171844482, 6.708176136016846, 6.413652420043945, 6.267650604248047, 6.149226665496826, 6.056835174560547, 6.0396904945373535, 6.015076637268066, 5.980425834655762, 5.974338531494141, 5.970855236053467, 5.939873218536377, 5.925572872161865, 5.914734363555908, 5.87357759475708, 5.849707126617432, 5.830934524536133, 5.82658052444458, 5.79356050491333, 5.78579044342041, 5.765664100646973, 5.746554851531982, 5.7280073165893555, 5.739063739776611, 5.730876445770264, 5.720044136047363, 5.714238166809082, 5.701544284820557, 5.6918044090271, 5.695600986480713, 5.67935037612915, 5.6438093185424805, 5.619234561920166, 5.629518032073975, 5.619134902954102, 5.624191761016846, 5.617082595825195, 5.619749069213867, 5.609770774841309, 5.591605186462402, 5.581162452697754, 5.589120388031006, 5.609526634216309, 5.580516815185547, 5.599384784698486, 5.575082302093506, 5.5548577308654785, 5.5546393394470215, 5.551010608673096, 5.5502543449401855, 5.554253578186035, 5.560264587402344, 5.550317764282227, 5.561368942260742, 5.541597843170166, 5.533356666564941, 5.531495094299316, 5.5144853591918945, 5.545782089233398, 5.548426628112793, 5.539092540740967, 5.515591621398926, 5.493307590484619, 5.520335674285889, 5.518611907958984, 5.5142083168029785, 5.5088701248168945, 5.4978556632995605, 5.509109020233154, 5.491243362426758, 5.47961950302124, 5.50186014175415, 5.488654136657715, 5.4806365966796875, 5.486080169677734, 5.482081890106201, 5.486595153808594, 5.482105255126953, 5.459721565246582, 5.456552505493164, 5.487131595611572, 5.460143089294434, 5.465585231781006, 5.452797889709473, 5.460610389709473, 5.472071647644043, 5.449097633361816, 5.447141170501709, 5.440463066101074, 5.4523491859436035, 5.437412261962891, 5.44651985168457, 5.4478349685668945, 5.451716899871826, 5.456058025360107, 5.446079254150391, 5.45815372467041], "best_val_epoch": 94, "model": "AE_sound", "lr": 0.0001, "batch_size": 256, "context": "3"}