{"iter": 2, "val_mses": [18.877002716064453, 14.16818618774414, 12.44553279876709, 11.05009651184082, 11.020005226135254, 10.836394309997559, 10.141484260559082, 10.047198295593262, 9.935890197753906, 9.907465934753418, 9.913419723510742, 9.915933609008789, 9.814599990844727, 9.75086498260498, 9.641075134277344, 9.616844177246094, 9.578643798828125, 9.515716552734375, 9.530901908874512, 9.590921401977539, 9.469572067260742, 9.459945678710938, 9.434269905090332, 9.446645736694336, 9.341766357421875, 9.339486122131348, 9.239649772644043, 9.223123550415039, 9.19733715057373, 9.116511344909668, 9.002685546875, 8.933594703674316, 8.901068687438965, 8.864386558532715, 8.76980972290039, 8.747196197509766, 8.749019622802734, 8.698493957519531, 8.736833572387695, 8.72165584564209, 8.688319206237793, 8.659178733825684, 8.64122486114502, 8.63235092163086, 8.593727111816406, 8.60273551940918, 8.604654312133789, 8.584757804870605, 8.5474853515625, 8.593470573425293, 8.589705467224121, 8.576845169067383, 8.592951774597168, 8.613302230834961, 8.575837135314941, 8.5492582321167, 8.569849967956543, 8.54956340789795, 8.49620532989502, 8.556140899658203, 8.556035041809082, 8.52951431274414, 8.504473686218262, 8.53019905090332, 8.568493843078613, 8.537302017211914, 8.522377967834473, 8.51793384552002, 8.52380657196045, 8.499496459960938, 8.51305103302002, 8.563101768493652, 8.480971336364746, 8.500185012817383, 8.491083145141602, 8.498462677001953, 8.511956214904785, 8.531634330749512, 8.474912643432617, 8.470454216003418, 8.487350463867188, 8.473671913146973, 8.447420120239258, 8.465441703796387, 8.485180854797363, 8.506542205810547, 8.4514741897583, 8.460515975952148, 8.439210891723633, 8.453451156616211, 8.481232643127441, 8.472799301147461, 8.479455947875977, 8.46509838104248, 8.457612037658691, 8.445650100708008, 8.447355270385742, 8.482565879821777, 8.47461223602295, 8.439312934875488], "best_val_epoch": 89, "model": "AE_sound", "lr": 0.0001, "batch_size": 256, "context": "11"}