{"iter": 1, "val_mses": [19.462623596191406, 16.694080352783203, 16.143760681152344, 13.415382385253906, 13.024019241333008, 12.151175498962402, 11.581021308898926, 11.394814491271973, 11.241275787353516, 11.190061569213867, 11.07818603515625, 10.978635787963867, 10.833959579467773, 10.65770149230957, 10.52786922454834, 10.435629844665527, 10.352584838867188, 10.29583740234375, 10.220155715942383, 10.17602825164795, 10.103968620300293, 10.058201789855957, 9.986156463623047, 9.936742782592773, 9.903550148010254, 9.881134986877441, 9.82524299621582, 9.77562141418457, 9.76684284210205, 9.72176742553711, 9.721323013305664, 9.725830078125, 9.694278717041016, 9.654330253601074, 9.631043434143066, 9.61811637878418, 9.618268966674805, 9.607538223266602, 9.573906898498535, 9.586638450622559, 9.563566207885742, 9.560762405395508, 9.529242515563965, 9.527507781982422, 9.501724243164062, 9.533953666687012, 9.503053665161133, 9.486760139465332, 9.46536636352539, 9.497549057006836, 9.441917419433594, 9.43565845489502, 9.440232276916504, 9.404830932617188, 9.395739555358887, 9.383889198303223, 9.390654563903809, 9.415962219238281, 9.329549789428711, 9.305279731750488, 9.278203964233398, 9.265506744384766, 9.23813533782959, 9.215902328491211, 9.212136268615723, 9.192805290222168, 9.167350769042969, 9.135475158691406, 9.136347770690918, 9.117785453796387, 9.105927467346191, 9.086503982543945, 9.078749656677246, 9.077953338623047, 9.04638957977295, 9.027981758117676, 9.041219711303711, 9.019450187683105, 9.017895698547363, 9.010416030883789, 8.985448837280273, 8.994312286376953, 8.987866401672363, 8.969500541687012, 8.955013275146484, 9.006836891174316, 8.951460838317871, 8.937797546386719, 8.956295013427734, 8.926309585571289, 8.928380966186523, 8.968109130859375, 8.907283782958984, 8.907705307006836, 8.902031898498535, 8.907971382141113, 8.89502239227295, 8.882296562194824, 8.88016414642334, 8.867775917053223], "best_val_epoch": 100, "model": "AE_sound", "lr": 0.0001, "batch_size": 256, "context": "13"}