{"iter": 1, "val_mses": [17.626543045043945, 15.556452751159668, 13.929137229919434, 13.289474487304688, 13.227526664733887, 12.9862642288208, 12.640135765075684, 12.525272369384766, 12.19898796081543, 12.112339973449707, 12.000948905944824, 11.884171485900879, 11.946228981018066, 11.8344144821167, 11.797754287719727, 11.85262393951416, 11.796309471130371, 11.692626953125, 11.738823890686035, 11.678291320800781, 11.666075706481934, 11.687712669372559, 11.5740327835083, 11.523616790771484, 11.631047248840332, 11.601305961608887, 11.693557739257812, 11.541646003723145, 11.532514572143555, 11.626243591308594, 11.57629680633545, 11.580497741699219, 11.544941902160645, 11.466405868530273, 11.461207389831543, 11.452796936035156, 11.376041412353516, 11.53874397277832, 11.39245319366455, 11.352423667907715, 11.65344524383545, 11.601968765258789, 11.489012718200684, 10.97237777709961, 10.835115432739258, 10.876484870910645, 11.086015701293945, 11.227557182312012, 11.294661521911621, 11.239967346191406, 11.484108924865723, 11.41112995147705, 11.446414947509766, 11.431355476379395, 11.378774642944336, 11.328228950500488, 11.33694839477539, 11.456117630004883, 11.438722610473633, 11.403372764587402, 11.414057731628418, 11.373978614807129, 11.347208976745605, 11.38332748413086, 11.413495063781738, 11.450798988342285, 11.246421813964844, 11.406196594238281, 11.383127212524414, 11.351618766784668, 11.378005027770996, 11.521968841552734, 11.283039093017578, 11.354476928710938, 11.465453147888184, 11.390108108520508, 11.41240119934082, 11.248336791992188, 11.39035701751709, 11.434395790100098, 11.360942840576172, 11.319478034973145, 11.43773078918457, 11.189774513244629, 10.98544979095459, 10.783721923828125, 10.904840469360352, 10.842398643493652, 10.861242294311523, 10.819525718688965, 10.8693265914917, 10.87527847290039, 10.865931510925293, 10.92402458190918, 10.896013259887695, 10.884390830993652, 10.869609832763672, 10.896689414978027, 10.883801460266113, 10.947114944458008], "best_val_epoch": 86, "model": "AE_sound", "lr": 0.0001, "batch_size": 256, "context": "7"}