{"iter": 3, "val_mses": [20.018552780151367, 15.306880950927734, 13.905037879943848, 11.086518287658691, 10.899703025817871, 10.7982177734375, 10.528345108032227, 10.205410957336426, 10.052346229553223, 9.934929847717285, 9.891918182373047, 9.646394729614258, 9.450230598449707, 9.315457344055176, 9.199283599853516, 9.176509857177734, 9.115493774414062, 9.131024360656738, 9.074341773986816, 9.026867866516113, 9.017276763916016, 8.952141761779785, 8.913609504699707, 8.892788887023926, 8.838079452514648, 8.805840492248535, 8.781960487365723, 8.769100189208984, 8.726167678833008, 8.689445495605469, 8.624794006347656, 8.62894344329834, 8.561663627624512, 8.558266639709473, 8.537238121032715, 8.503113746643066, 8.46054744720459, 8.416237831115723, 8.419795989990234, 8.381040573120117, 8.41786003112793, 8.353569030761719, 8.35036849975586, 8.326419830322266, 8.30621337890625, 8.272061347961426, 8.288976669311523, 8.261622428894043, 8.250663757324219, 8.218202590942383, 8.222370147705078, 8.184648513793945, 8.22016429901123, 8.171344757080078, 8.149921417236328, 8.060526847839355, 7.99277925491333, 7.921557426452637, 7.918816089630127, 7.855835914611816, 7.808417797088623, 7.8009538650512695, 7.7530364990234375, 7.7176923751831055, 7.708306312561035, 7.679391860961914, 7.656367301940918, 7.655681610107422, 7.642869472503662, 7.661328315734863, 7.641690731048584, 7.594703197479248, 7.6120429039001465, 7.619760513305664, 7.577249050140381, 7.591498851776123, 7.554082870483398, 7.560493469238281, 7.5645751953125, 7.684993267059326, 7.559377193450928, 7.551987648010254, 7.550065994262695, 7.538548946380615, 7.504456520080566, 7.505400657653809, 7.518728256225586, 7.540780067443848, 7.4929585456848145, 7.490397930145264, 7.501787185668945, 7.48839807510376, 7.501078128814697, 7.469371795654297, 7.49009370803833, 7.470798492431641, 7.48408842086792, 7.460565090179443, 7.474587917327881, 7.451737403869629], "best_val_epoch": 100, "model": "AE_sound", "lr": 0.0001, "batch_size": 256, "context": "15"}