{"iter": 2, "val_mses": [13.625784873962402, 12.134027481079102, 12.07901382446289, 12.014378547668457, 11.670722961425781, 11.484339714050293, 11.38891315460205, 11.075801849365234, 11.220157623291016, 11.079057693481445, 11.089941024780273, 11.084184646606445, 10.931024551391602, 10.86201286315918, 10.892640113830566, 10.850577354431152, 10.807429313659668, 10.82038688659668, 10.82275390625, 10.842827796936035, 10.822056770324707, 10.833277702331543, 10.795177459716797, 10.820911407470703, 10.835121154785156, 10.81580638885498, 10.8253812789917, 10.82466983795166, 10.730544090270996, 10.795022010803223, 10.90127944946289, 10.857809066772461, 10.798529624938965, 10.865562438964844, 10.892658233642578, 10.902263641357422, 10.909043312072754, 10.896985054016113, 10.976995468139648, 10.975174903869629, 10.95298957824707, 11.02442455291748, 10.926788330078125, 10.969456672668457, 10.932455062866211, 10.947490692138672, 10.858427047729492, 10.894272804260254, 10.862916946411133, 10.868788719177246, 10.890281677246094, 10.844602584838867, 10.861502647399902, 10.931387901306152, 10.89857292175293, 10.832878112792969, 10.873394966125488, 10.916337013244629, 10.821022033691406, 10.79446792602539, 10.882591247558594, 10.798733711242676, 10.812665939331055, 10.707762718200684, 10.789459228515625, 10.788260459899902, 10.791183471679688, 10.821348190307617, 10.808087348937988, 10.80073070526123, 10.793289184570312, 10.87167739868164, 10.848407745361328, 10.808271408081055, 10.786430358886719, 10.802055358886719, 10.729723930358887, 10.75460147857666, 10.787581443786621, 10.811782836914062, 10.67159652709961, 10.824860572814941, 10.786482810974121, 10.786957740783691, 10.817852973937988, 10.909723281860352, 10.796897888183594, 10.76058292388916, 10.773240089416504, 10.796289443969727, 10.841015815734863, 10.7766695022583, 10.848548889160156, 10.73026180267334, 10.435144424438477, 10.377741813659668, 10.30368709564209, 10.272412300109863, 10.275814056396484, 10.273913383483887], "best_val_epoch": 98, "model": "AE_sound", "lr": 0.0001, "batch_size": 256, "context": "5"}