{"iter": 1, "val_mses": [12.611482620239258, 10.158073425292969, 9.085926055908203, 8.776004791259766, 8.454501152038574, 8.186224937438965, 8.114104270935059, 7.858923435211182, 7.645135402679443, 7.565606594085693, 7.494473457336426, 7.414337158203125, 7.331730365753174, 7.260915756225586, 7.192967891693115, 7.133422374725342, 7.104039669036865, 7.0616631507873535, 7.023056983947754, 7.014186859130859, 6.98088264465332, 6.953161716461182, 6.938271522521973, 6.922865390777588, 6.914860725402832, 6.905776023864746, 6.880341053009033, 6.862480163574219, 6.856709003448486, 6.824892997741699, 6.812368392944336, 6.805566787719727, 6.793664932250977, 6.775812149047852, 6.7623820304870605, 6.761359214782715, 6.746933460235596, 6.737578392028809, 6.728233337402344, 6.738300800323486, 6.712500095367432, 6.714529514312744, 6.695290565490723, 6.682358264923096, 6.679968357086182, 6.657405853271484, 6.646527290344238, 6.660830020904541, 6.6346282958984375, 6.617741107940674, 6.609528064727783, 6.596216201782227, 6.584331512451172, 6.585872650146484, 6.574148178100586, 6.570377826690674, 6.549595832824707, 6.5410614013671875, 6.536543846130371, 6.52875280380249, 6.5256428718566895, 6.502298831939697, 6.472147464752197, 6.466894626617432, 6.462587356567383, 6.456891059875488, 6.452970027923584, 6.439440727233887, 6.428126335144043, 6.420201778411865, 6.420722007751465, 6.402504920959473, 6.406310081481934, 6.386476993560791, 6.385354995727539, 6.375585079193115, 6.382107257843018, 6.360289573669434, 6.361774921417236, 6.3598809242248535, 6.34998893737793, 6.354516506195068, 6.347271919250488, 6.338379383087158, 6.339078903198242, 6.335333347320557, 6.334270477294922, 6.328054428100586, 6.320865631103516, 6.323699474334717, 6.323736190795898, 6.3261027336120605, 6.305318832397461, 6.2998046875, 6.309292316436768, 6.297486305236816, 6.29387092590332, 6.298222541809082, 6.301938056945801, 6.283139228820801], "best_val_epoch": 100, "model": "AE_sound", "lr": 0.0001, "batch_size": 256, "context": "0"}