{"iter": 3, "val_mses": [12.952055931091309, 12.751407623291016, 11.83406925201416, 11.391366958618164, 10.845511436462402, 10.668159484863281, 10.507719993591309, 10.414652824401855, 10.389264106750488, 10.388957977294922, 10.361882209777832, 10.360536575317383, 10.378473281860352, 10.332387924194336, 10.342342376708984, 10.320849418640137, 10.270145416259766, 10.257634162902832, 10.286459922790527, 10.260189056396484, 10.248185157775879, 10.22867488861084, 10.233243942260742, 10.21725845336914, 10.210166931152344, 10.201138496398926, 10.1688232421875, 10.168052673339844, 10.178954124450684, 10.094206809997559, 10.112895011901855, 10.076855659484863, 10.026972770690918, 10.067419052124023, 10.022648811340332, 10.030710220336914, 10.036534309387207, 10.032231330871582, 10.030740737915039, 10.004701614379883, 10.009600639343262, 9.99017333984375, 10.025880813598633, 9.981432914733887, 9.98377799987793, 9.99326229095459, 9.988097190856934, 9.973018646240234, 9.970003128051758, 9.966151237487793, 9.961332321166992, 9.955931663513184, 9.948197364807129, 9.939435005187988, 9.925787925720215, 9.960972785949707, 9.949877738952637, 9.948718070983887, 9.922985076904297, 9.947555541992188, 9.940040588378906, 9.965644836425781, 9.94591236114502, 9.954416275024414, 9.928997039794922, 9.914471626281738, 9.960445404052734, 9.947832107543945, 9.924752235412598, 9.918066024780273, 9.929328918457031, 9.924809455871582, 9.947955131530762, 9.900785446166992, 9.905229568481445, 9.91640567779541, 9.908426284790039, 9.926351547241211, 9.954034805297852, 9.911758422851562, 9.920126914978027, 9.911861419677734, 9.917692184448242, 9.902434349060059, 9.91328239440918, 9.913360595703125, 9.8720064163208, 9.891942977905273, 9.887796401977539, 9.894917488098145, 9.877996444702148, 9.896025657653809, 9.896946907043457, 9.88021183013916, 9.867192268371582, 9.911164283752441, 9.874826431274414, 9.862408638000488, 9.870880126953125, 9.873100280761719], "best_val_epoch": 98, "model": "AE_sound", "lr": 0.0001, "batch_size": 256, "context": "4"}