{"iter": 2, "val_mses": [13.047489166259766, 12.257362365722656, 11.85583209991455, 11.805283546447754, 11.399308204650879, 11.199785232543945, 10.89139461517334, 10.506611824035645, 10.473085403442383, 10.508705139160156, 10.445549011230469, 10.491169929504395, 10.499968528747559, 10.462888717651367, 10.481470108032227, 10.465055465698242, 10.443058013916016, 10.465191841125488, 10.44936752319336, 10.413878440856934, 10.426658630371094, 10.452478408813477, 10.452506065368652, 10.481770515441895, 10.422113418579102, 10.389130592346191, 10.381922721862793, 10.363178253173828, 10.316121101379395, 10.263800621032715, 10.273911476135254, 10.254467010498047, 10.204728126525879, 10.201881408691406, 10.204221725463867, 10.233494758605957, 10.207419395446777, 10.179482460021973, 10.168049812316895, 10.171345710754395, 10.142213821411133, 10.127131462097168, 10.110774993896484, 10.096240997314453, 10.086713790893555, 10.075555801391602, 10.048413276672363, 10.033266067504883, 10.010662078857422, 10.014036178588867, 10.02672290802002, 9.996809959411621, 9.990118026733398, 9.977828025817871, 9.972043991088867, 10.000954627990723, 9.954056739807129, 9.947429656982422, 9.948522567749023, 9.956135749816895, 9.951674461364746, 9.973223686218262, 9.964241027832031, 9.924405097961426, 9.928465843200684, 9.9541015625, 9.91464900970459, 9.954730033874512, 9.933253288269043, 9.914902687072754, 9.905780792236328, 9.919052124023438, 9.915121078491211, 9.911563873291016, 9.897832870483398, 9.901220321655273, 9.891956329345703, 9.899240493774414, 9.895258903503418, 9.873007774353027, 9.879927635192871, 9.896112442016602, 9.870798110961914, 9.895257949829102, 9.858674049377441, 9.847439765930176, 9.864982604980469, 9.857245445251465, 9.880166053771973, 9.88735294342041, 9.851840019226074, 9.856611251831055, 9.847782135009766, 9.826184272766113, 9.851569175720215, 9.804831504821777, 9.863053321838379, 9.82967472076416, 9.871581077575684, 9.860188484191895], "best_val_epoch": 96, "model": "AE_sound", "lr": 0.0001, "batch_size": 256, "context": "4"}