{"iter": 1, "val_mses": [17.28593635559082, 13.753454208374023, 13.630925178527832, 13.494706153869629, 12.988420486450195, 12.763916969299316, 12.76689624786377, 11.984912872314453, 11.271758079528809, 10.929043769836426, 10.949934959411621, 10.842162132263184, 10.881675720214844, 11.03702449798584, 10.781830787658691, 10.876327514648438, 10.638702392578125, 10.480010032653809, 10.515880584716797, 10.800362586975098, 10.734685897827148, 10.848078727722168, 10.465636253356934, 10.585540771484375, 10.421049118041992, 10.257206916809082, 10.21129035949707, 10.33995532989502, 10.371353149414062, 10.405532836914062, 10.244536399841309, 10.293486595153809, 10.390411376953125, 10.30176830291748, 10.142847061157227, 10.098559379577637, 10.040210723876953, 10.190455436706543, 10.079181671142578, 10.035496711730957, 10.161914825439453, 10.109465599060059, 9.844644546508789, 9.812919616699219, 9.895881652832031, 9.917838096618652, 9.82020378112793, 10.403512001037598, 9.855390548706055, 9.94253158569336, 9.965481758117676, 10.042296409606934, 9.8934326171875, 9.985530853271484, 9.971832275390625, 10.067142486572266, 10.027135848999023, 9.960945129394531, 9.986380577087402, 9.833353996276855, 9.831576347351074, 9.92243480682373, 10.050846099853516, 9.963544845581055, 10.370431900024414, 9.769211769104004, 9.78593921661377, 9.90501880645752, 9.838674545288086, 9.905580520629883, 9.905324935913086, 10.067534446716309, 9.658547401428223, 9.957183837890625, 9.805767059326172, 9.836661338806152, 9.930618286132812, 10.058462142944336, 9.910690307617188, 9.87454891204834, 9.730663299560547, 9.798376083374023, 9.916518211364746, 9.864532470703125, 9.661428451538086, 9.757011413574219, 9.677788734436035, 9.725862503051758, 9.715961456298828, 9.832894325256348, 9.669356346130371, 9.679126739501953, 9.579237937927246, 9.758840560913086, 9.585402488708496, 9.751812934875488, 9.59912395477295, 9.573551177978516, 9.617535591125488, 9.749391555786133], "best_val_epoch": 98, "model": "AE_sound", "lr": 0.0001, "batch_size": 256, "context": "6"}