{"iter": 3, "val_mses": [13.607522010803223, 12.014195442199707, 12.04510498046875, 11.342621803283691, 10.527963638305664, 10.422253608703613, 10.300566673278809, 10.05835247039795, 9.838212966918945, 9.747490882873535, 9.681017875671387, 9.63857364654541, 9.61194133758545, 9.58368968963623, 9.570724487304688, 9.565553665161133, 9.55420970916748, 9.528035163879395, 9.494423866271973, 9.483702659606934, 9.494511604309082, 9.541155815124512, 9.454743385314941, 9.454306602478027, 9.41336727142334, 9.395403861999512, 9.390364646911621, 9.342619895935059, 9.334237098693848, 9.35422420501709, 9.302900314331055, 9.271245002746582, 9.278151512145996, 9.261259078979492, 9.255677223205566, 9.250334739685059, 9.209779739379883, 9.232656478881836, 9.20122241973877, 9.233002662658691, 9.224952697753906, 9.223836898803711, 9.242620468139648, 9.065531730651855, 8.965826034545898, 8.983922958374023, 8.98322582244873, 8.926560401916504, 8.916910171508789, 8.94415283203125, 8.94376277923584, 8.916181564331055, 8.96868896484375, 8.906500816345215, 8.939310073852539, 9.049211502075195, 8.967741966247559, 8.959538459777832, 8.946508407592773, 8.966203689575195, 8.96801471710205, 8.968162536621094, 8.990253448486328, 8.966900825500488, 8.94581413269043, 9.008040428161621, 8.955495834350586, 8.952051162719727, 8.937453269958496, 8.977348327636719, 8.922138214111328, 8.983644485473633, 8.91023063659668, 8.942682266235352, 8.92262077331543, 8.908848762512207, 8.970288276672363, 9.040928840637207, 8.930235862731934, 8.937864303588867, 8.924768447875977, 8.906365394592285, 8.918508529663086, 8.932133674621582, 8.87990951538086, 8.915323257446289, 8.907303810119629, 8.89275074005127, 8.92225456237793, 8.841032028198242, 8.929767608642578, 8.889813423156738, 8.99194622039795, 8.926589012145996, 8.90397834777832, 8.954882621765137, 8.907549858093262, 8.906861305236816, 8.926685333251953, 8.906086921691895], "best_val_epoch": 90, "model": "AE_sound", "lr": 0.0001, "batch_size": 256, "context": "5"}