{"iter": 1, "val_mses": [14.224617004394531, 12.837518692016602, 12.58879566192627, 11.718037605285645, 11.183871269226074, 11.192573547363281, 11.184417724609375, 11.165163040161133, 11.141447067260742, 11.16806411743164, 11.138386726379395, 11.10708236694336, 11.061558723449707, 11.0706205368042, 11.01193618774414, 11.03421688079834, 11.021761894226074, 11.00857162475586, 11.031529426574707, 11.045010566711426, 11.01948070526123, 11.043373107910156, 11.006595611572266, 11.015071868896484, 10.971343994140625, 11.011590957641602, 10.982938766479492, 10.99561595916748, 10.991983413696289, 10.933248519897461, 10.960865020751953, 10.91696834564209, 10.919943809509277, 10.94228744506836, 10.950363159179688, 10.920064926147461, 10.916990280151367, 10.864689826965332, 10.890429496765137, 10.870046615600586, 10.84204387664795, 10.816083908081055, 10.665616035461426, 10.617592811584473, 10.595273971557617, 10.563299179077148, 10.498703002929688, 10.507278442382812, 10.455387115478516, 10.452083587646484, 10.427977561950684, 10.417794227600098, 10.409261703491211, 10.423670768737793, 10.381287574768066, 10.354005813598633, 10.376298904418945, 10.374896049499512, 10.353187561035156, 10.323613166809082, 10.357976913452148, 10.35319995880127, 10.335253715515137, 10.331430435180664, 10.331372261047363, 10.313271522521973, 10.309760093688965, 10.292966842651367, 10.309521675109863, 10.267556190490723, 10.264689445495605, 10.267242431640625, 10.271502494812012, 10.260086059570312, 10.272103309631348, 10.281426429748535, 10.246482849121094, 10.25557804107666, 10.220296859741211, 10.223705291748047, 10.2651948928833, 10.225761413574219, 10.231199264526367, 10.228633880615234, 10.195364952087402, 10.229589462280273, 10.178933143615723, 10.181992530822754, 10.185484886169434, 10.146395683288574, 10.160536766052246, 10.174378395080566, 10.15815544128418, 10.157143592834473, 10.173552513122559, 10.164593696594238, 10.165436744689941, 10.179878234863281, 10.151751518249512, 10.141765594482422], "best_val_epoch": 100, "model": "AE_sound", "lr": 0.0001, "batch_size": 256, "context": "4"}