{"iter": 3, "val_mses": [20.51358985900879, 19.663955688476562, 16.643247604370117, 15.252056121826172, 14.627870559692383, 13.889714241027832, 12.888651847839355, 11.27310848236084, 10.63722038269043, 10.329283714294434, 10.149090766906738, 10.003565788269043, 9.884357452392578, 9.752069473266602, 9.760578155517578, 9.69469165802002, 9.663407325744629, 9.638012886047363, 9.672202110290527, 9.609378814697266, 9.567665100097656, 9.543438911437988, 9.505230903625488, 9.503876686096191, 9.472681045532227, 9.436822891235352, 9.456542015075684, 9.410637855529785, 9.431656837463379, 9.381258964538574, 9.367635726928711, 9.34896469116211, 9.2826566696167, 9.289342880249023, 9.268508911132812, 9.22585391998291, 9.215815544128418, 9.199156761169434, 9.133509635925293, 9.116449356079102, 9.10394287109375, 9.061148643493652, 9.030441284179688, 9.032257080078125, 9.003910064697266, 9.005962371826172, 8.990738868713379, 8.961739540100098, 8.964844703674316, 8.936753273010254, 8.939631462097168, 8.89049243927002, 8.913915634155273, 8.893999099731445, 8.862568855285645, 8.867525100708008, 8.864778518676758, 8.847492218017578, 8.823616981506348, 8.840836524963379, 8.843355178833008, 8.799484252929688, 8.800675392150879, 8.79861831665039, 8.802172660827637, 8.770689010620117, 8.766275405883789, 8.762382507324219, 8.731948852539062, 8.733809471130371, 8.710719108581543, 8.717504501342773, 8.713981628417969, 8.703904151916504, 8.690398216247559, 8.650053024291992, 8.67232894897461, 8.650249481201172, 8.653546333312988, 8.649096488952637, 8.615519523620605, 8.653457641601562, 8.640658378601074, 8.62779712677002, 8.60938835144043, 8.623079299926758, 8.634737968444824, 8.599832534790039, 8.591133117675781, 8.595233917236328, 8.587362289428711, 8.578768730163574, 8.603160858154297, 8.600464820861816, 8.584772109985352, 8.570640563964844, 8.564072608947754, 8.556806564331055, 8.536730766296387, 8.541731834411621], "best_val_epoch": 99, "model": "AE_sound", "lr": 0.0001, "batch_size": 256, "context": "14"}