{"iter": 3, "val_mses": [9.780046463012695, 8.101859092712402, 7.582156181335449, 6.650284290313721, 6.4834089279174805, 6.428308486938477, 6.399473667144775, 6.398126125335693, 6.379208087921143, 6.363456726074219, 6.343639373779297, 6.312518119812012, 6.298235893249512, 6.297273635864258, 6.272147178649902, 6.262282371520996, 6.26254940032959, 6.248819351196289, 6.231270790100098, 6.20919942855835, 6.208063125610352, 6.1926045417785645, 6.173550605773926, 6.1602935791015625, 6.142368316650391, 6.122805118560791, 6.1035356521606445, 6.105734825134277, 6.087160110473633, 6.079341888427734, 6.062209129333496, 6.066335678100586, 6.052526950836182, 6.046253204345703, 6.01531457901001, 6.021283149719238, 6.017464637756348, 6.016483783721924, 6.007311820983887, 5.998154163360596, 6.01312255859375, 5.995025157928467, 6.009222984313965, 5.994956970214844, 5.98703145980835, 5.988148212432861, 5.968512058258057, 5.977993965148926, 5.954226016998291, 5.957947731018066, 5.959390163421631, 5.969804286956787, 5.954989433288574, 5.952293872833252, 5.970017433166504, 5.9458513259887695, 5.9387946128845215, 5.931833267211914, 5.946341514587402, 5.936944484710693, 5.935262680053711, 5.944668769836426, 5.9285149574279785, 5.91964864730835, 5.9134745597839355, 5.911832809448242, 5.917038917541504, 5.931811809539795, 5.909573554992676, 5.904369354248047, 5.896775245666504, 5.9047160148620605, 5.896128177642822, 5.9047746658325195, 5.896658420562744, 5.889887809753418, 5.884724140167236, 5.886837482452393, 5.882427215576172, 5.878661632537842, 5.872312068939209, 5.884554862976074, 5.87611198425293, 5.868742942810059, 5.870030879974365, 5.872219562530518, 5.862529754638672, 5.871915340423584, 5.856321334838867, 5.869924545288086, 5.8621931076049805, 5.872452259063721, 5.874997615814209, 5.8650803565979, 5.868764877319336, 5.850351333618164, 5.8636016845703125, 5.853572368621826, 5.862979412078857, 5.847251892089844], "best_val_epoch": 100, "model": "AE_sound", "lr": 0.0001, "batch_size": 256, "context": "2"}