{"iter": 3, "val_mses": [12.548171043395996, 9.676119804382324, 9.062835693359375, 8.393881797790527, 7.9323649406433105, 7.506315231323242, 7.029064655303955, 6.849669456481934, 6.820358753204346, 6.809438705444336, 6.815863132476807, 6.8026299476623535, 6.7928619384765625, 6.787628173828125, 6.7422895431518555, 6.727248668670654, 6.690993309020996, 6.63704252243042, 6.600654125213623, 6.545167922973633, 6.514120101928711, 6.489152431488037, 6.4522705078125, 6.438192844390869, 6.415996551513672, 6.4082932472229, 6.3761420249938965, 6.370671272277832, 6.360297203063965, 6.3567986488342285, 6.354883193969727, 6.345354080200195, 6.333583354949951, 6.323276996612549, 6.319427490234375, 6.306589126586914, 6.297818660736084, 6.295234680175781, 6.284587860107422, 6.270454406738281, 6.271651744842529, 6.264843940734863, 6.270176410675049, 6.251571178436279, 6.237425804138184, 6.237918376922607, 6.233846664428711, 6.223805904388428, 6.228828430175781, 6.2185893058776855, 6.210405349731445, 6.20919942855835, 6.204309940338135, 6.201910972595215, 6.208226203918457, 6.1993727684021, 6.20363187789917, 6.187836647033691, 6.1908369064331055, 6.186952590942383, 6.190586090087891, 6.1773152351379395, 6.182523250579834, 6.174971580505371, 6.170506954193115, 6.169853210449219, 6.164678573608398, 6.162380695343018, 6.165647506713867, 6.16452693939209, 6.1622090339660645, 6.153297424316406, 6.152212142944336, 6.144278049468994, 6.141429901123047, 6.135789394378662, 6.131619930267334, 6.13183069229126, 6.125977039337158, 6.132282733917236, 6.1102776527404785, 6.115755081176758, 6.1106648445129395, 6.104323863983154, 6.112550735473633, 6.1142191886901855, 6.090575695037842, 6.089176654815674, 6.07548713684082, 6.081056118011475, 6.085428714752197, 6.074126720428467, 6.0605010986328125, 6.047223091125488, 6.048467636108398, 6.04674768447876, 6.033061981201172, 6.026069641113281, 6.037229537963867, 6.013424873352051], "best_val_epoch": 100, "model": "AE_sound", "lr": 0.0001, "batch_size": 256, "context": "0"}