{"iter": 2, "val_mses": [21.100238800048828, 16.679519653320312, 14.50158977508545, 14.109599113464355, 13.264604568481445, 12.639938354492188, 11.842022895812988, 11.502816200256348, 11.267263412475586, 11.071122169494629, 10.924110412597656, 10.78781795501709, 10.687163352966309, 10.622476577758789, 10.554943084716797, 10.51126480102539, 10.422120094299316, 10.346549987792969, 10.247081756591797, 10.201507568359375, 10.205520629882812, 10.132847785949707, 10.077463150024414, 10.075315475463867, 10.064655303955078, 10.034547805786133, 10.01467514038086, 9.996086120605469, 9.97819995880127, 9.984905242919922, 9.955904006958008, 9.954445838928223, 9.922807693481445, 9.935192108154297, 9.909390449523926, 9.927519798278809, 9.876666069030762, 9.864995002746582, 9.881477355957031, 9.888498306274414, 9.822912216186523, 9.845769882202148, 9.812493324279785, 9.78945541381836, 9.802085876464844, 9.776515007019043, 9.757065773010254, 9.753815650939941, 9.743704795837402, 9.74075698852539, 9.70836067199707, 9.719603538513184, 9.713902473449707, 9.6746187210083, 9.655786514282227, 9.658156394958496, 9.638643264770508, 9.65276050567627, 9.622308731079102, 9.620034217834473, 9.59121036529541, 9.580850601196289, 9.558845520019531, 9.539478302001953, 9.500863075256348, 9.502958297729492, 9.481437683105469, 9.468393325805664, 9.44659423828125, 9.471428871154785, 9.427519798278809, 9.433485984802246, 9.41483211517334, 9.39181900024414, 9.388887405395508, 9.417889595031738, 9.3616304397583, 9.356993675231934, 9.331094741821289, 9.365443229675293, 9.324219703674316, 9.331657409667969, 9.339523315429688, 9.328871726989746, 9.31673812866211, 9.293558120727539, 9.302825927734375, 9.291914939880371, 9.31588363647461, 9.312910079956055, 9.297750473022461, 9.294466972351074, 9.275554656982422, 9.279303550720215, 9.271082878112793, 9.267387390136719, 9.285326957702637, 9.245550155639648, 9.281798362731934, 9.24143123626709], "best_val_epoch": 100, "model": "AE_sound", "lr": 0.0001, "batch_size": 256, "context": "13"}