{"iter": 2, "val_mses": [8.827489852905273, 7.416319847106934, 7.285060882568359, 6.82682466506958, 6.6701459884643555, 6.507428169250488, 6.305898189544678, 6.10208797454834, 6.06809139251709, 6.047709941864014, 6.0048041343688965, 5.9644389152526855, 5.897289276123047, 5.855341911315918, 5.824037551879883, 5.782076835632324, 5.747547626495361, 5.739963531494141, 5.715464115142822, 5.708604335784912, 5.691200256347656, 5.684622764587402, 5.674619197845459, 5.669181823730469, 5.6618123054504395, 5.65443754196167, 5.645586967468262, 5.640254020690918, 5.642089366912842, 5.629670143127441, 5.631070613861084, 5.6227898597717285, 5.617516040802002, 5.627013206481934, 5.617311954498291, 5.617773532867432, 5.6129150390625, 5.6072163581848145, 5.598630905151367, 5.606705665588379, 5.603041172027588, 5.602302074432373, 5.5968732833862305, 5.592541694641113, 5.589273929595947, 5.577548503875732, 5.569619178771973, 5.570876598358154, 5.56492805480957, 5.559475421905518, 5.555414199829102, 5.539728164672852, 5.542396545410156, 5.5382819175720215, 5.540319442749023, 5.533632278442383, 5.539503574371338, 5.535475254058838, 5.5263776779174805, 5.529078006744385, 5.526835918426514, 5.513063430786133, 5.514106750488281, 5.51539945602417, 5.507734775543213, 5.506472587585449, 5.503477573394775, 5.497992038726807, 5.505036354064941, 5.496883392333984, 5.490874767303467, 5.4931254386901855, 5.486263751983643, 5.487149715423584, 5.4850263595581055, 5.486569404602051, 5.481101989746094, 5.4817938804626465, 5.481410026550293, 5.478529930114746, 5.475788116455078, 5.480989456176758, 5.475711822509766, 5.477102756500244, 5.477812767028809, 5.468783855438232, 5.476457118988037, 5.469951152801514, 5.467982292175293, 5.469060897827148, 5.469140529632568, 5.46915864944458, 5.467225551605225, 5.470867156982422, 5.464065074920654, 5.465570449829102, 5.462203025817871, 5.466939449310303, 5.464633464813232, 5.463540077209473], "best_val_epoch": 97, "model": "AE_sound", "lr": 0.0001, "batch_size": 256, "context": "1"}