{"iter": 3, "val_mses": [10.358304977416992, 7.526124477386475, 7.490361213684082, 7.0639238357543945, 6.748132228851318, 6.518136978149414, 6.447689056396484, 6.243897438049316, 6.12078332901001, 6.050467014312744, 6.004838943481445, 6.019786834716797, 5.9706339836120605, 5.932217121124268, 5.923368453979492, 5.921627998352051, 5.906558513641357, 5.887026309967041, 5.883259296417236, 5.868520259857178, 5.846599578857422, 5.827391147613525, 5.842016220092773, 5.839693546295166, 5.794149398803711, 5.786168575286865, 5.7905192375183105, 5.7822370529174805, 5.787309169769287, 5.768920421600342, 5.758941173553467, 5.7450690269470215, 5.741511344909668, 5.7267889976501465, 5.725715160369873, 5.724182605743408, 5.701859951019287, 5.698420524597168, 5.711799621582031, 5.673493385314941, 5.659703254699707, 5.646290302276611, 5.632543087005615, 5.641047477722168, 5.651221752166748, 5.617171287536621, 5.595682144165039, 5.620039939880371, 5.627485275268555, 5.61799430847168, 5.594783782958984, 5.592563629150391, 5.596315383911133, 5.592466354370117, 5.58887243270874, 5.598934173583984, 5.5623016357421875, 5.578462600708008, 5.596810340881348, 5.591302394866943, 5.572267055511475, 5.577836513519287, 5.564352035522461, 5.5751495361328125, 5.578662872314453, 5.5674872398376465, 5.567678928375244, 5.577454566955566, 5.567138671875, 5.572717666625977, 5.579176425933838, 5.5611891746521, 5.572420120239258, 5.580853462219238, 5.550736904144287, 5.558755874633789, 5.555970191955566, 5.546598434448242, 5.555893898010254, 5.554433345794678, 5.535469055175781, 5.5466532707214355, 5.529475688934326, 5.523619651794434, 5.529427528381348, 5.523163795471191, 5.500522613525391, 5.500588893890381, 5.502312660217285, 5.5127482414245605, 5.508559226989746, 5.488579273223877, 5.504387855529785, 5.482146263122559, 5.509204387664795, 5.477662086486816, 5.496274471282959, 5.48834753036499, 5.491764068603516, 5.481601715087891], "best_val_epoch": 96, "model": "AE_sound", "lr": 0.0001, "batch_size": 256, "context": "3"}