{"iter": 1, "val_mses": [19.088525772094727, 19.056438446044922, 19.02081871032715, 17.051612854003906, 14.31188678741455, 14.30038070678711, 14.282279968261719, 14.220935821533203, 13.319123268127441, 12.56911563873291, 12.456326484680176, 12.482237815856934, 12.443921089172363, 11.943476676940918, 11.40689468383789, 10.883206367492676, 10.63317584991455, 10.6248197555542, 10.560197830200195, 10.536273956298828, 10.542407989501953, 10.405972480773926, 10.399019241333008, 10.398857116699219, 10.336701393127441, 10.356291770935059, 10.278531074523926, 10.236156463623047, 10.249765396118164, 10.208759307861328, 10.20706558227539, 10.242876052856445, 10.11904239654541, 10.112272262573242, 10.130133628845215, 10.045705795288086, 10.042851448059082, 10.003199577331543, 10.018911361694336, 9.996562957763672, 9.98343276977539, 9.933231353759766, 9.955296516418457, 9.9473295211792, 9.906131744384766, 9.949193000793457, 9.89196491241455, 9.95946979522705, 9.87308406829834, 9.90339183807373, 9.862277030944824, 9.84907054901123, 9.867815971374512, 9.813474655151367, 9.818354606628418, 9.830472946166992, 9.816322326660156, 9.80917739868164, 9.833133697509766, 9.78913688659668, 9.788315773010254, 9.774798393249512, 9.747721672058105, 9.727547645568848, 9.718074798583984, 9.69536018371582, 9.711372375488281, 9.621511459350586, 9.661067962646484, 9.660101890563965, 9.643852233886719, 9.638046264648438, 9.660931587219238, 9.621233940124512, 9.56421947479248, 9.584102630615234, 9.645207405090332, 9.624152183532715, 9.623934745788574, 9.494545936584473, 9.546913146972656, 9.519892692565918, 9.622052192687988, 9.516106605529785, 9.488283157348633, 9.458080291748047, 9.497977256774902, 9.471646308898926, 9.454375267028809, 9.476105690002441, 9.449995040893555, 9.454692840576172, 9.404261589050293, 9.443499565124512, 9.418283462524414, 9.446765899658203, 9.393641471862793, 9.504085540771484, 9.4568452835083, 9.419108390808105], "best_val_epoch": 97, "model": "AE_sound", "lr": 0.0001, "batch_size": 256, "context": "11"}