{"iter": 2, "val_mses": [17.27667236328125, 16.223169326782227, 15.790262222290039, 15.072425842285156, 14.731849670410156, 14.614320755004883, 14.636322975158691, 14.377750396728516, 14.319788932800293, 14.427581787109375, 14.2734956741333, 14.360940933227539, 14.20909309387207, 14.22314453125, 14.20645809173584, 14.409759521484375, 14.19813060760498, 14.250505447387695, 14.117136001586914, 14.32462215423584, 14.329666137695312, 14.237586975097656, 14.10378646850586, 14.27114486694336, 14.122634887695312, 14.110941886901855, 14.207695007324219, 14.175254821777344, 14.108514785766602, 14.113272666931152, 14.108076095581055, 14.073765754699707, 13.997326850891113, 14.008504867553711, 14.06999397277832, 13.999482154846191, 14.14869213104248, 13.926009178161621, 14.035578727722168, 14.107344627380371, 14.04102897644043, 13.909196853637695, 14.059931755065918, 14.038314819335938, 13.979656219482422, 14.049747467041016, 13.932787895202637, 14.048681259155273, 13.941704750061035, 14.033013343811035, 13.912948608398438, 14.071273803710938, 13.804433822631836, 13.937929153442383, 13.98025131225586, 13.84255313873291, 13.980232238769531, 13.874589920043945, 13.80581283569336, 13.812366485595703, 13.83455753326416, 13.769593238830566, 13.725534439086914, 13.825439453125, 13.879533767700195, 13.889595031738281, 13.85795783996582, 13.81354808807373, 13.995139122009277, 13.86962890625, 13.764199256896973, 13.866594314575195, 13.782767295837402, 13.878528594970703, 13.906749725341797, 13.896174430847168, 13.875247955322266, 13.875602722167969, 13.68454647064209, 13.736651420593262, 13.90825080871582, 13.810931205749512, 13.853001594543457, 13.681410789489746, 13.702939987182617, 13.796143531799316, 13.653135299682617, 13.703568458557129, 13.777379989624023, 13.726911544799805, 13.7218656539917, 13.729633331298828, 13.621739387512207, 13.630481719970703, 13.601694107055664, 13.605230331420898, 13.633946418762207, 13.69657039642334, 13.688824653625488, 13.57126522064209], "best_val_epoch": 100, "model": "AE_sound", "lr": 0.0001, "batch_size": 256, "context": "9"}