{"iter": 1, "val_mses": [9.960525512695312, 8.288095474243164, 8.206411361694336, 8.038835525512695, 7.887814044952393, 7.417099952697754, 7.087658882141113, 6.9664692878723145, 6.592382907867432, 6.440214157104492, 6.3877739906311035, 6.357381343841553, 6.338860511779785, 6.333465099334717, 6.3218536376953125, 6.32175874710083, 6.321150302886963, 6.308598518371582, 6.307857036590576, 6.29301643371582, 6.254488945007324, 6.225482940673828, 6.192472457885742, 6.173276424407959, 6.174761772155762, 6.149340629577637, 6.143163681030273, 6.120786190032959, 6.114800453186035, 6.099356174468994, 6.096199035644531, 6.076118469238281, 6.070285320281982, 6.059938430786133, 6.050637722015381, 6.047226905822754, 6.042358875274658, 6.040388107299805, 6.02028226852417, 6.014536380767822, 6.010008335113525, 6.011111736297607, 6.0115065574646, 6.0035624504089355, 5.990625858306885, 5.981311321258545, 5.977080345153809, 5.97914457321167, 5.972605228424072, 5.967276573181152, 5.944450855255127, 5.9387617111206055, 5.932286262512207, 5.92623233795166, 5.922112464904785, 5.926597595214844, 5.934268951416016, 5.924867630004883, 5.91677188873291, 5.910595417022705, 5.91527795791626, 5.897091865539551, 5.89681339263916, 5.914474010467529, 5.896690845489502, 5.894749164581299, 5.89321756362915, 5.884908199310303, 5.904050350189209, 5.901512145996094, 5.884734630584717, 5.893223285675049, 5.896182060241699, 5.889035224914551, 5.878380298614502, 5.846089839935303, 5.818253040313721, 5.80739164352417, 5.787540912628174, 5.784064292907715, 5.76408576965332, 5.761285781860352, 5.757635593414307, 5.763764381408691, 5.747418403625488, 5.758187294006348, 5.735902786254883, 5.731167316436768, 5.729981422424316, 5.737646102905273, 5.742382049560547, 5.724117755889893, 5.7348313331604, 5.7176103591918945, 5.717884540557861, 5.728457450866699, 5.710513591766357, 5.719596862792969, 5.705427646636963, 5.710612773895264], "best_val_epoch": 99, "model": "AE_sound", "lr": 0.0001, "batch_size": 256, "context": "2"}