{"iter": 1, "val_mses": [19.519044876098633, 14.808632850646973, 13.311473846435547, 12.038283348083496, 11.103652954101562, 10.960670471191406, 10.882193565368652, 10.796724319458008, 10.598177909851074, 10.333965301513672, 10.15900707244873, 9.99561595916748, 9.886762619018555, 9.75454330444336, 9.601534843444824, 9.554181098937988, 9.410264015197754, 9.334552764892578, 9.274005889892578, 9.211318969726562, 9.12738037109375, 9.142455101013184, 9.093355178833008, 9.091423988342285, 9.024331092834473, 9.023204803466797, 9.011231422424316, 9.017253875732422, 8.997899055480957, 8.95666217803955, 8.92608642578125, 8.862597465515137, 8.775662422180176, 8.730766296386719, 8.682031631469727, 8.636100769042969, 8.591063499450684, 8.582186698913574, 8.535078048706055, 8.522075653076172, 8.489903450012207, 8.490164756774902, 8.462931632995605, 8.485432624816895, 8.453669548034668, 8.421585083007812, 8.442551612854004, 8.406508445739746, 8.409253120422363, 8.364115715026855, 8.403663635253906, 8.423480033874512, 8.352949142456055, 8.365234375, 8.336935043334961, 8.317597389221191, 8.312289237976074, 8.30087947845459, 8.299636840820312, 8.281402587890625, 8.272836685180664, 8.277494430541992, 8.28068733215332, 8.268844604492188, 8.2799654006958, 8.235869407653809, 8.251537322998047, 8.223672866821289, 8.219873428344727, 8.234851837158203, 8.238941192626953, 8.206063270568848, 8.193017959594727, 8.240583419799805, 8.19676399230957, 8.215827941894531, 8.195618629455566, 8.170236587524414, 8.200161933898926, 8.173933029174805, 8.194299697875977, 8.16577434539795, 8.171989440917969, 8.148802757263184, 8.131889343261719, 8.14517593383789, 8.111052513122559, 8.117886543273926, 8.115171432495117, 8.113775253295898, 8.094785690307617, 8.093503952026367, 8.11259651184082, 8.119260787963867, 8.097297668457031, 8.046762466430664, 8.052116394042969, 8.052629470825195, 8.035781860351562, 8.023536682128906], "best_val_epoch": 100, "model": "AE_sound", "lr": 0.0001, "batch_size": 256, "context": "15"}