{"iter": 2, "val_mses": [9.931007385253906, 8.089914321899414, 7.342217922210693, 7.235321044921875, 6.708310604095459, 6.565585613250732, 6.449526309967041, 6.4097394943237305, 6.3783721923828125, 6.373042106628418, 6.358597278594971, 6.355135440826416, 6.33124303817749, 6.317023754119873, 6.309195518493652, 6.296742916107178, 6.270835876464844, 6.272137641906738, 6.260053634643555, 6.2369279861450195, 6.244791507720947, 6.210147857666016, 6.195158958435059, 6.189577102661133, 6.157784938812256, 6.149730205535889, 6.135406494140625, 6.117483615875244, 6.1132588386535645, 6.103862762451172, 6.0874176025390625, 6.099526405334473, 6.0859270095825195, 6.074881076812744, 6.061593055725098, 6.052189826965332, 6.039231777191162, 6.033748626708984, 6.019253253936768, 6.018968105316162, 6.004147529602051, 6.008249282836914, 6.015317916870117, 5.980837821960449, 5.985062122344971, 5.988502502441406, 5.973511219024658, 5.974568843841553, 5.97036600112915, 5.965710639953613, 5.957104206085205, 5.963344097137451, 5.9529032707214355, 5.939016819000244, 5.938475608825684, 5.927525520324707, 5.925953388214111, 5.926135063171387, 5.917534828186035, 5.910960674285889, 5.907699108123779, 5.907217025756836, 5.912962913513184, 5.91635799407959, 5.888792514801025, 5.899081230163574, 5.893235683441162, 5.892662048339844, 5.8764567375183105, 5.87027645111084, 5.868157386779785, 5.869647979736328, 5.8646626472473145, 5.863345146179199, 5.860202312469482, 5.8619842529296875, 5.846614837646484, 5.8395466804504395, 5.845884323120117, 5.852288722991943, 5.837749004364014, 5.839559555053711, 5.84610652923584, 5.838450908660889, 5.832502841949463, 5.831599235534668, 5.828045845031738, 5.826740741729736, 5.827653884887695, 5.819030284881592, 5.822317600250244, 5.823627948760986, 5.822474479675293, 5.817214488983154, 5.808209419250488, 5.81141471862793, 5.809670448303223, 5.806173801422119, 5.804098129272461, 5.806488990783691], "best_val_epoch": 99, "model": "AE_sound", "lr": 0.0001, "batch_size": 256, "context": "2"}