{"iter": 3, "val_mses": [18.334999084472656, 15.193842887878418, 15.296497344970703, 13.257806777954102, 12.324806213378906, 12.046748161315918, 11.705511093139648, 11.50052547454834, 11.445805549621582, 11.365338325500488, 11.353104591369629, 11.323652267456055, 11.081543922424316, 11.010564804077148, 11.037525177001953, 10.956940650939941, 10.97335147857666, 10.948616981506348, 10.89374828338623, 10.835068702697754, 10.862525939941406, 10.770691871643066, 10.773189544677734, 10.769063949584961, 10.805455207824707, 10.793608665466309, 10.770867347717285, 10.893101692199707, 10.942248344421387, 10.854466438293457, 10.905861854553223, 10.864235877990723, 10.888137817382812, 10.928885459899902, 10.979974746704102, 10.935391426086426, 10.755776405334473, 10.91380786895752, 10.771702766418457, 10.851900100708008, 10.825654029846191, 10.717084884643555, 10.787524223327637, 10.709855079650879, 10.749093055725098, 10.612197875976562, 10.705498695373535, 10.577348709106445, 10.58912467956543, 10.597270965576172, 10.607847213745117, 10.669321060180664, 10.632258415222168, 10.578872680664062, 10.619002342224121, 10.592355728149414, 10.553380966186523, 10.554292678833008, 10.559903144836426, 10.490344047546387, 10.466265678405762, 10.485130310058594, 10.487099647521973, 10.433636665344238, 10.349993705749512, 10.410818099975586, 10.392293930053711, 10.352229118347168, 10.348140716552734, 10.347599983215332, 10.328717231750488, 10.329145431518555, 10.336600303649902, 10.286890983581543, 10.383709907531738, 10.417874336242676, 10.319815635681152, 10.280510902404785, 10.296369552612305, 10.2869873046875, 10.311830520629883, 10.286737442016602, 10.279574394226074, 10.263538360595703, 10.19526481628418, 10.13547420501709, 10.302510261535645, 10.262223243713379, 10.190630912780762, 10.244086265563965, 10.28699016571045, 10.26251220703125, 10.307690620422363, 10.259247779846191, 10.25307846069336, 10.31844425201416, 10.303445816040039, 10.350473403930664, 10.2461519241333, 10.37302303314209], "best_val_epoch": 86, "model": "AE_sound", "lr": 0.0001, "batch_size": 256, "context": "7"}