{"iter": 3, "val_mses": [17.596328735351562, 17.38252067565918, 13.815072059631348, 13.46656608581543, 12.954113006591797, 12.664946556091309, 12.699381828308105, 12.188814163208008, 12.146288871765137, 11.7913179397583, 10.900392532348633, 10.88376522064209, 10.854042053222656, 10.802578926086426, 10.7865629196167, 11.023005485534668, 10.94670295715332, 10.914936065673828, 10.857128143310547, 10.81597900390625, 10.796706199645996, 10.948291778564453, 10.747892379760742, 10.764928817749023, 10.53544807434082, 11.035388946533203, 10.750663757324219, 10.480628967285156, 10.840027809143066, 10.59281063079834, 10.496844291687012, 10.561198234558105, 10.810795783996582, 10.306865692138672, 10.525483131408691, 10.404903411865234, 10.315397262573242, 10.420279502868652, 10.231895446777344, 10.372360229492188, 10.391999244689941, 10.274770736694336, 10.152321815490723, 10.162890434265137, 10.300190925598145, 10.338653564453125, 10.175675392150879, 10.149787902832031, 10.130711555480957, 10.19051456451416, 10.161959648132324, 9.975714683532715, 10.027222633361816, 10.028820037841797, 10.090109825134277, 10.011669158935547, 9.900251388549805, 10.094944953918457, 10.380609512329102, 10.16663932800293, 9.9236478805542, 10.027101516723633, 9.996808052062988, 9.9185152053833, 9.899545669555664, 9.829941749572754, 10.000872611999512, 9.964920997619629, 10.039827346801758, 10.063705444335938, 10.227873802185059, 10.092185020446777, 9.901762962341309, 10.164944648742676, 9.774858474731445, 9.950896263122559, 10.087625503540039, 9.954275131225586, 10.04876708984375, 10.01063346862793, 9.94076156616211, 9.917587280273438, 9.94022274017334, 10.06649112701416, 9.867447853088379, 9.918200492858887, 9.923675537109375, 9.862417221069336, 9.98902416229248, 9.87033748626709, 9.821684837341309, 9.760483741760254, 9.839284896850586, 10.24593448638916, 9.88380241394043, 9.839457511901855, 9.906959533691406, 9.847009658813477, 9.971315383911133, 10.139241218566895], "best_val_epoch": 92, "model": "AE_sound", "lr": 0.0001, "batch_size": 256, "context": "6"}