{"iter": 2, "val_mses": [12.565536499023438, 9.239346504211426, 9.064937591552734, 8.903739929199219, 8.360148429870605, 8.140551567077637, 8.071301460266113, 8.038315773010254, 7.972361087799072, 7.962912559509277, 7.935259819030762, 7.912132263183594, 7.856673240661621, 7.77058744430542, 7.710925579071045, 7.624619483947754, 7.556437969207764, 7.480819225311279, 7.449309825897217, 7.390256404876709, 7.342950344085693, 7.272735118865967, 7.230709552764893, 7.140975475311279, 7.060408115386963, 7.021281719207764, 6.972207069396973, 6.9413018226623535, 6.936074256896973, 6.906443119049072, 6.887906551361084, 6.9168524742126465, 6.840662002563477, 6.863142967224121, 6.824557781219482, 6.824388027191162, 6.795487880706787, 6.778995513916016, 6.782474040985107, 6.764782428741455, 6.75433874130249, 6.732298374176025, 6.732702255249023, 6.715277671813965, 6.706733703613281, 6.714343070983887, 6.704102516174316, 6.697512626647949, 6.689842700958252, 6.680438995361328, 6.685615062713623, 6.6669206619262695, 6.687505722045898, 6.672121047973633, 6.667654037475586, 6.659646034240723, 6.646607398986816, 6.6521992683410645, 6.649271011352539, 6.639005661010742, 6.623278617858887, 6.645995140075684, 6.625568389892578, 6.6308441162109375, 6.618709087371826, 6.608090400695801, 6.615102291107178, 6.597191333770752, 6.614187240600586, 6.594078063964844, 6.596214294433594, 6.601280689239502, 6.609294891357422, 6.589594841003418, 6.58881950378418, 6.587225914001465, 6.5781755447387695, 6.579062461853027, 6.588064670562744, 6.567557334899902, 6.588747501373291, 6.574565887451172, 6.565431594848633, 6.56553316116333, 6.563979148864746, 6.56105375289917, 6.5509538650512695, 6.564633846282959, 6.556365489959717, 6.539734363555908, 6.562896728515625, 6.5444655418396, 6.558502197265625, 6.5551934242248535, 6.543582439422607, 6.537534236907959, 6.549972057342529, 6.537365436553955, 6.539552211761475, 6.543815612792969], "best_val_epoch": 98, "model": "AE_sound", "lr": 0.0001, "batch_size": 256, "context": "0"}