{"iter": 3, "val_mses": [21.299240112304688, 18.02068519592285, 16.28298568725586, 14.435282707214355, 13.639981269836426, 12.880858421325684, 11.282096862792969, 10.550249099731445, 10.334107398986816, 10.272669792175293, 10.224327087402344, 10.202589988708496, 10.160176277160645, 10.121769905090332, 10.061665534973145, 10.020148277282715, 9.960376739501953, 9.904536247253418, 9.821788787841797, 9.75267219543457, 9.710082054138184, 9.694903373718262, 9.659547805786133, 9.647164344787598, 9.637357711791992, 9.641082763671875, 9.623919486999512, 9.613593101501465, 9.58629035949707, 9.58515739440918, 9.585372924804688, 9.579376220703125, 9.573053359985352, 9.562768936157227, 9.568399429321289, 9.555948257446289, 9.55776309967041, 9.563619613647461, 9.53261661529541, 9.532825469970703, 9.521297454833984, 9.521988868713379, 9.51744270324707, 9.514641761779785, 9.509798049926758, 9.50058650970459, 9.48945140838623, 9.48930835723877, 9.483067512512207, 9.479965209960938, 9.477812767028809, 9.472466468811035, 9.44834041595459, 9.455029487609863, 9.404824256896973, 9.357243537902832, 9.313549995422363, 9.277560234069824, 9.236893653869629, 9.20531940460205, 9.202868461608887, 9.17363452911377, 9.184793472290039, 9.145349502563477, 9.116857528686523, 9.110177040100098, 9.084238052368164, 9.059383392333984, 9.064285278320312, 9.04748249053955, 9.025525093078613, 8.996247291564941, 8.98024845123291, 8.984027862548828, 8.953149795532227, 8.945995330810547, 8.92448616027832, 8.904256820678711, 8.89921760559082, 8.887636184692383, 8.87070083618164, 8.853081703186035, 8.852977752685547, 8.844330787658691, 8.833770751953125, 8.81404972076416, 8.826726913452148, 8.775019645690918, 8.768494606018066, 8.762189865112305, 8.738229751586914, 8.739935874938965, 8.713000297546387, 8.711995124816895, 8.70059585571289, 8.69713020324707, 8.679282188415527, 8.690295219421387, 8.670305252075195, 8.649574279785156], "best_val_epoch": 100, "model": "AE_sound", "lr": 0.0001, "batch_size": 256, "context": "13"}