{"iter": 2, "val_mses": [21.0878849029541, 16.447101593017578, 16.175655364990234, 14.267577171325684, 13.345961570739746, 13.041757583618164, 12.622899055480957, 12.394978523254395, 12.168554306030273, 11.614226341247559, 11.507020950317383, 11.428276062011719, 11.37235164642334, 11.335721015930176, 11.302546501159668, 11.303254127502441, 11.27133560180664, 11.246813774108887, 11.225631713867188, 11.148431777954102, 11.126218795776367, 11.07296371459961, 11.015308380126953, 10.967499732971191, 10.925721168518066, 10.897189140319824, 10.84744930267334, 10.794206619262695, 10.751392364501953, 10.697017669677734, 10.684983253479004, 10.623896598815918, 10.62163257598877, 10.600424766540527, 10.540480613708496, 10.543222427368164, 10.493704795837402, 10.518942832946777, 10.487723350524902, 10.437108993530273, 10.386398315429688, 10.41452693939209, 10.32822036743164, 10.32210922241211, 10.337811470031738, 10.295489311218262, 10.295843124389648, 10.27931022644043, 10.260086059570312, 10.244051933288574, 10.251522064208984, 10.235575675964355, 10.240665435791016, 10.214608192443848, 10.209630012512207, 10.179825782775879, 10.159213066101074, 10.151615142822266, 10.159863471984863, 10.190526008605957, 10.160388946533203, 10.158719062805176, 10.112432479858398, 10.075057983398438, 10.096656799316406, 10.072253227233887, 10.063217163085938, 10.056916236877441, 10.0242280960083, 10.002644538879395, 9.958685874938965, 9.95711898803711, 9.929275512695312, 9.878808975219727, 9.895929336547852, 9.87414264678955, 9.820220947265625, 9.829378128051758, 9.796195030212402, 9.776922225952148, 9.749784469604492, 9.737465858459473, 9.690311431884766, 9.704880714416504, 9.718785285949707, 9.690085411071777, 9.648938179016113, 9.652311325073242, 9.62911605834961, 9.654167175292969, 9.64988899230957, 9.619251251220703, 9.63431453704834, 9.570265769958496, 9.594307899475098, 9.601399421691895, 9.582077980041504, 9.581657409667969, 9.573480606079102, 9.582303047180176], "best_val_epoch": 94, "model": "AE_sound", "lr": 0.0001, "batch_size": 256, "context": "10"}