{"iter": 3, "val_mses": [22.931047439575195, 16.516355514526367, 15.686285018920898, 14.026359558105469, 13.83246898651123, 13.365732192993164, 13.179937362670898, 13.12682056427002, 13.09507942199707, 13.071310997009277, 12.99919605255127, 12.974268913269043, 12.919327735900879, 12.893503189086914, 12.844796180725098, 12.83719539642334, 12.799925804138184, 12.785456657409668, 12.756776809692383, 12.726554870605469, 12.670656204223633, 12.65932559967041, 12.617477416992188, 12.567883491516113, 12.521102905273438, 12.478889465332031, 12.460396766662598, 12.377460479736328, 12.311186790466309, 12.162376403808594, 11.91991138458252, 11.79024600982666, 11.639360427856445, 11.500317573547363, 11.431575775146484, 11.360758781433105, 11.291299819946289, 11.234797477722168, 11.23106575012207, 11.156448364257812, 11.098215103149414, 11.110066413879395, 11.017496109008789, 10.99211311340332, 10.980307579040527, 10.950639724731445, 10.904767990112305, 10.872868537902832, 10.912675857543945, 10.871415138244629, 10.808833122253418, 10.793574333190918, 10.79814624786377, 10.780001640319824, 10.742304801940918, 10.748663902282715, 10.708805084228516, 10.71794605255127, 10.680805206298828, 10.699234008789062, 10.69488525390625, 10.649470329284668, 10.637630462646484, 10.618151664733887, 10.630226135253906, 10.619742393493652, 10.628406524658203, 10.5960111618042, 10.580520629882812, 10.604942321777344, 10.566200256347656, 10.572845458984375, 10.569799423217773, 10.570446014404297, 10.576031684875488, 10.559131622314453, 10.539504051208496, 10.516403198242188, 10.509512901306152, 10.490687370300293, 10.484733581542969, 10.474757194519043, 10.468428611755371, 10.478445053100586, 10.449897766113281, 10.457965850830078, 10.433043479919434, 10.424625396728516, 10.398955345153809, 10.414969444274902, 10.37942886352539, 10.403558731079102, 10.365835189819336, 10.344924926757812, 10.360159873962402, 10.335017204284668, 10.355245590209961, 10.32726001739502, 10.315094947814941, 10.323003768920898], "best_val_epoch": 99, "model": "AE_sound", "lr": 0.0001, "batch_size": 256, "context": "10"}