{"iter": 1, "val_mses": [27.23792266845703, 21.61157989501953, 16.519771575927734, 13.548100471496582, 11.89860725402832, 10.937871932983398, 10.345747947692871, 10.00163745880127, 9.698920249938965, 9.260868072509766, 8.964434623718262, 8.749812126159668, 8.59382438659668, 8.476120948791504, 8.374665260314941, 8.352811813354492, 8.351411819458008, 8.290837287902832, 8.284186363220215, 8.273948669433594, 8.240234375, 8.207029342651367, 8.184176445007324, 8.176910400390625, 8.155662536621094, 8.119305610656738, 8.116344451904297, 8.097131729125977, 8.051753997802734, 8.020845413208008, 8.001705169677734, 7.964199066162109, 7.934762001037598, 7.919104099273682, 7.912458419799805, 7.8961334228515625, 7.875741004943848, 7.880031585693359, 7.873926639556885, 7.830892562866211, 7.826877117156982, 7.797609329223633, 7.792107105255127, 7.762124538421631, 7.751625061035156, 7.74730110168457, 7.736227035522461, 7.714731693267822, 7.704266548156738, 7.704531192779541, 7.711642265319824, 7.653071880340576, 7.653068542480469, 7.665666580200195, 7.605565547943115, 7.643198013305664, 7.658815860748291, 7.592464447021484, 7.602494716644287, 7.563498497009277, 7.562319278717041, 7.549365043640137, 7.536882400512695, 7.5387864112854, 7.558841228485107, 7.530541896820068, 7.510438442230225, 7.493960380554199, 7.524881839752197, 7.499759197235107, 7.503545761108398, 7.468230247497559, 7.4613118171691895, 7.456146240234375, 7.455583095550537, 7.517830848693848, 7.444277286529541, 7.4081034660339355, 7.403013706207275, 7.4135823249816895, 7.393906593322754, 7.413311958312988, 7.3697733879089355, 7.363493919372559, 7.356359958648682, 7.40989875793457, 7.339323043823242, 7.349026203155518, 7.3466105461120605, 7.334356784820557, 7.336091995239258, 7.309413909912109, 7.324305534362793, 7.302691459655762, 7.301563739776611, 7.294583320617676, 7.275601387023926, 7.380737781524658, 7.2771711349487305, 7.263332843780518], "best_val_epoch": 100, "model": "AE_sound", "lr": 0.0001, "batch_size": 256, "context": "12"}