{"iter": 2, "val_mses": [21.693954467773438, 19.1014461517334, 16.124975204467773, 14.415722846984863, 12.711931228637695, 11.917391777038574, 11.596081733703613, 11.376375198364258, 11.276161193847656, 11.111191749572754, 10.93493938446045, 10.832344055175781, 10.650193214416504, 10.560163497924805, 10.499288558959961, 10.4388427734375, 10.393774032592773, 10.39443588256836, 10.405512809753418, 10.337989807128906, 10.358784675598145, 10.347094535827637, 10.32004451751709, 10.304655075073242, 10.298301696777344, 10.265225410461426, 10.241071701049805, 10.266923904418945, 10.221097946166992, 10.166683197021484, 10.162127494812012, 10.152399063110352, 10.1346435546875, 10.099515914916992, 10.10756778717041, 10.043651580810547, 10.024942398071289, 10.059754371643066, 9.990008354187012, 9.98554801940918, 9.966004371643066, 9.950776100158691, 9.899876594543457, 9.896903038024902, 9.865242004394531, 9.804746627807617, 9.755511283874512, 9.73000431060791, 9.676331520080566, 9.631364822387695, 9.639699935913086, 9.558381080627441, 9.534541130065918, 9.534180641174316, 9.487988471984863, 9.467299461364746, 9.473484992980957, 9.461116790771484, 9.484164237976074, 9.436012268066406, 9.425662994384766, 9.416778564453125, 9.383196830749512, 9.363388061523438, 9.344852447509766, 9.418601989746094, 9.318634986877441, 9.32020378112793, 9.301568984985352, 9.305575370788574, 9.269001007080078, 9.268403053283691, 9.251506805419922, 9.292290687561035, 9.2960844039917, 9.255226135253906, 9.229186058044434, 9.248692512512207, 9.21175479888916, 9.208165168762207, 9.184029579162598, 9.179841041564941, 9.178757667541504, 9.169013977050781, 9.184754371643066, 9.164798736572266, 9.16148853302002, 9.188786506652832, 9.120471954345703, 9.14014720916748, 9.126338005065918, 9.140894889831543, 9.146404266357422, 9.109764099121094, 9.137266159057617, 9.128864288330078, 9.110651016235352, 9.115363121032715, 9.101032257080078, 9.077078819274902], "best_val_epoch": 100, "model": "AE_sound", "lr": 0.0001, "batch_size": 256, "context": "12"}