{"iter": 1, "val_mses": [15.782936096191406, 12.698269844055176, 11.40347957611084, 11.151266098022461, 10.148917198181152, 9.718520164489746, 9.678526878356934, 9.694759368896484, 9.677083969116211, 9.70350170135498, 9.65426254272461, 9.655783653259277, 9.615315437316895, 9.54252815246582, 9.456689834594727, 9.468328475952148, 9.401117324829102, 9.406963348388672, 9.363704681396484, 9.32017707824707, 9.202859878540039, 9.162346839904785, 9.074753761291504, 9.013428688049316, 8.973942756652832, 8.946040153503418, 8.88110065460205, 8.843388557434082, 8.826591491699219, 8.752741813659668, 8.75063705444336, 8.713711738586426, 8.668437004089355, 8.616410255432129, 8.603339195251465, 8.571613311767578, 8.557695388793945, 8.499320983886719, 8.523151397705078, 8.470451354980469, 8.461356163024902, 8.437325477600098, 8.412553787231445, 8.413118362426758, 8.404322624206543, 8.321274757385254, 8.362066268920898, 8.288129806518555, 8.30109691619873, 8.250925064086914, 8.258188247680664, 8.255640029907227, 8.25985050201416, 8.240131378173828, 8.200495719909668, 8.200850486755371, 8.187148094177246, 8.186339378356934, 8.176889419555664, 8.18079948425293, 8.170742988586426, 8.190634727478027, 8.13808822631836, 8.158597946166992, 8.162266731262207, 8.202530860900879, 8.114017486572266, 8.047096252441406, 8.121809959411621, 8.09577465057373, 8.04662036895752, 8.058770179748535, 8.044569969177246, 8.036787033081055, 7.973733901977539, 7.944860458374023, 7.987077236175537, 7.965809345245361, 7.953899383544922, 7.929384708404541, 7.903207778930664, 7.916907787322998, 7.9009623527526855, 7.920957565307617, 7.894845485687256, 7.883185863494873, 7.872646808624268, 7.838737487792969, 7.867266654968262, 7.8823394775390625, 7.847552299499512, 7.863999366760254, 7.851832866668701, 7.831600666046143, 7.856736183166504, 7.83305025100708, 7.831758975982666, 7.802476406097412, 7.794346809387207, 7.795670032501221], "best_val_epoch": 99, "model": "AE_sound", "lr": 0.0001, "batch_size": 256, "context": "8"}