{"iter": 3, "val_mses": [7.4608612060546875, 7.345141410827637, 6.8335089683532715, 6.733234405517578, 6.704824924468994, 6.365961074829102, 6.260923862457275, 6.133886337280273, 6.06281852722168, 5.968106746673584, 5.898902893066406, 5.866115093231201, 5.843209743499756, 5.810481548309326, 5.790329933166504, 5.77040433883667, 5.746551036834717, 5.754638195037842, 5.720167636871338, 5.709064960479736, 5.699563026428223, 5.693134307861328, 5.678370475769043, 5.675994873046875, 5.659614562988281, 5.663032054901123, 5.649167537689209, 5.642544269561768, 5.643307209014893, 5.632556438446045, 5.631993293762207, 5.621866226196289, 5.6254706382751465, 5.6195244789123535, 5.605755805969238, 5.617301940917969, 5.606869697570801, 5.617813587188721, 5.604224681854248, 5.610988140106201, 5.603349685668945, 5.590390205383301, 5.600027561187744, 5.58955717086792, 5.592431545257568, 5.596803188323975, 5.599190711975098, 5.589638710021973, 5.578962802886963, 5.580381393432617, 5.581146717071533, 5.577932357788086, 5.580894470214844, 5.576825141906738, 5.569202423095703, 5.568929672241211, 5.573951244354248, 5.577912330627441, 5.5644612312316895, 5.562555313110352, 5.562828063964844, 5.561324596405029, 5.553390979766846, 5.551994323730469, 5.54642915725708, 5.544591426849365, 5.543639659881592, 5.550285339355469, 5.536322116851807, 5.5399580001831055, 5.5360846519470215, 5.535865783691406, 5.538440227508545, 5.531912803649902, 5.526277542114258, 5.531853199005127, 5.532470226287842, 5.524528503417969, 5.5165581703186035, 5.521731853485107, 5.510369777679443, 5.514256954193115, 5.504458904266357, 5.508871078491211, 5.502705097198486, 5.5040130615234375, 5.506410121917725, 5.500219821929932, 5.498086929321289, 5.494361400604248, 5.495790004730225, 5.502509117126465, 5.501562595367432, 5.4949822425842285, 5.495682239532471, 5.491970062255859, 5.488020420074463, 5.484735012054443, 5.481998443603516, 5.4797821044921875], "best_val_epoch": 100, "model": "AE_sound", "lr": 0.0001, "batch_size": 256, "context": "1"}