{"iter": 3, "val_mses": [22.741777420043945, 16.982892990112305, 14.725236892700195, 12.613941192626953, 11.5635986328125, 11.14620590209961, 10.610038757324219, 10.080184936523438, 9.820841789245605, 9.596969604492188, 9.329166412353516, 9.211687088012695, 9.129925727844238, 9.095168113708496, 9.034290313720703, 9.029131889343262, 8.954350471496582, 8.860595703125, 8.81980037689209, 8.762158393859863, 8.704205513000488, 8.642732620239258, 8.610655784606934, 8.590670585632324, 8.538871765136719, 8.543893814086914, 8.519021987915039, 8.498982429504395, 8.463539123535156, 8.431735038757324, 8.446524620056152, 8.442028045654297, 8.409884452819824, 8.382499694824219, 8.405556678771973, 8.397985458374023, 8.304191589355469, 8.316826820373535, 8.27653694152832, 8.258781433105469, 8.247366905212402, 8.220765113830566, 8.226694107055664, 8.15992259979248, 8.162596702575684, 8.122501373291016, 8.10814094543457, 8.08214282989502, 8.136799812316895, 8.061328887939453, 8.083935737609863, 8.038248062133789, 8.041092872619629, 8.037741661071777, 8.034454345703125, 8.00509262084961, 7.978166580200195, 7.981983661651611, 7.9812822341918945, 7.972033500671387, 7.990231990814209, 7.949300765991211, 7.948059558868408, 7.9777703285217285, 7.935551643371582, 7.936917304992676, 7.950554370880127, 7.904834747314453, 7.943474292755127, 7.904702663421631, 7.947543144226074, 7.869970321655273, 7.900042533874512, 7.86605978012085, 7.871372699737549, 7.875242233276367, 7.858733177185059, 7.8685431480407715, 7.854037761688232, 7.8204193115234375, 7.822404384613037, 7.870766639709473, 7.835606575012207, 7.832658290863037, 7.841896057128906, 7.794553756713867, 7.803170204162598, 7.822857856750488, 7.805647373199463, 7.802258014678955, 7.75970458984375, 7.7964982986450195, 7.777309417724609, 7.775214195251465, 7.769840717315674, 7.840246677398682, 7.760919570922852, 7.763722896575928, 7.743592262268066, 7.73093843460083], "best_val_epoch": 100, "model": "AE_sound", "lr": 0.0001, "batch_size": 256, "context": "12"}