{"iter": 2, "val_mses": [14.947611808776855, 11.344520568847656, 11.029092788696289, 10.831048965454102, 10.416973114013672, 10.27955436706543, 10.207714080810547, 10.073751449584961, 9.987900733947754, 9.950152397155762, 9.918414115905762, 9.882913589477539, 9.844322204589844, 9.821903228759766, 9.8300199508667, 9.748391151428223, 9.727274894714355, 9.68246841430664, 9.646383285522461, 9.573403358459473, 9.517590522766113, 9.476670265197754, 9.417912483215332, 9.378894805908203, 9.332622528076172, 9.261137008666992, 9.245112419128418, 9.218599319458008, 9.195257186889648, 9.140850067138672, 9.094687461853027, 9.00337028503418, 8.977959632873535, 8.949596405029297, 8.911462783813477, 8.877373695373535, 8.899507522583008, 8.883125305175781, 8.848387718200684, 8.849398612976074, 8.84936237335205, 8.8084716796875, 8.816415786743164, 8.794107437133789, 8.807662963867188, 8.774620056152344, 8.775715827941895, 8.735381126403809, 8.764476776123047, 8.694564819335938, 8.61019515991211, 8.545723915100098, 8.454900741577148, 8.411041259765625, 8.341076850891113, 8.315917015075684, 8.291670799255371, 8.27035140991211, 8.232640266418457, 8.221468925476074, 8.220603942871094, 8.220138549804688, 8.20489501953125, 8.181947708129883, 8.147103309631348, 8.067678451538086, 8.023356437683105, 7.9818830490112305, 7.938689231872559, 7.934178352355957, 7.8982319831848145, 7.867618083953857, 7.836538314819336, 7.820407390594482, 7.8067169189453125, 7.7825703620910645, 7.771517276763916, 7.775514602661133, 7.7871928215026855, 7.735311508178711, 7.737334728240967, 7.71646785736084, 7.689980506896973, 7.687786102294922, 7.679101943969727, 7.663347244262695, 7.648041248321533, 7.6198344230651855, 7.612456321716309, 7.601109027862549, 7.622620582580566, 7.571755886077881, 7.57684326171875, 7.575525283813477, 7.525343418121338, 7.540890693664551, 7.527935028076172, 7.510812759399414, 7.521685600280762, 7.535068988800049], "best_val_epoch": 98, "model": "AE_sound", "lr": 0.0001, "batch_size": 256, "context": "8"}