{"iter": 1, "val_mses": [20.24808692932129, 19.906984329223633, 16.085729598999023, 13.468338966369629, 11.309326171875, 10.257838249206543, 9.434494018554688, 9.118047714233398, 8.947809219360352, 8.79996395111084, 8.691605567932129, 8.547205924987793, 8.427275657653809, 8.330178260803223, 8.269851684570312, 8.229171752929688, 8.183777809143066, 8.173565864562988, 8.148428916931152, 8.130996704101562, 8.106562614440918, 8.111902236938477, 8.099540710449219, 8.07892894744873, 8.052803993225098, 8.045933723449707, 8.051307678222656, 8.028421401977539, 8.032622337341309, 8.007662773132324, 8.003588676452637, 7.981464862823486, 7.975546836853027, 7.966375350952148, 7.952115058898926, 7.935722827911377, 7.901939868927002, 7.892987251281738, 7.8837432861328125, 7.869382381439209, 7.835757732391357, 7.837269306182861, 7.800729274749756, 7.835075378417969, 7.79517936706543, 7.781039714813232, 7.786505699157715, 7.774584770202637, 7.7610039710998535, 7.764218807220459, 7.737916469573975, 7.724287509918213, 7.71232271194458, 7.6939826011657715, 7.682154655456543, 7.67880392074585, 7.691397190093994, 7.662832260131836, 7.655669689178467, 7.627954483032227, 7.636012077331543, 7.612367153167725, 7.57874059677124, 7.575183391571045, 7.564626693725586, 7.561266899108887, 7.556798934936523, 7.531464576721191, 7.511611461639404, 7.5142130851745605, 7.500883102416992, 7.4863739013671875, 7.4688801765441895, 7.454703330993652, 7.44999885559082, 7.425385475158691, 7.412698268890381, 7.4100236892700195, 7.396317481994629, 7.389774322509766, 7.37384557723999, 7.362742900848389, 7.354376316070557, 7.3647074699401855, 7.337240219116211, 7.328671932220459, 7.304629325866699, 7.307254791259766, 7.287031650543213, 7.298369884490967, 7.301844120025635, 7.275116443634033, 7.270794868469238, 7.2797956466674805, 7.2692437171936035, 7.245009422302246, 7.23995304107666, 7.222797393798828, 7.220032215118408, 7.23724365234375], "best_val_epoch": 99, "model": "AE_sound", "lr": 0.0001, "batch_size": 256, "context": "14"}