{"iter": 2, "val_mses": [17.306806564331055, 13.596382141113281, 13.530980110168457, 13.33575439453125, 12.644365310668945, 11.95276927947998, 11.726859092712402, 11.441783905029297, 11.07815170288086, 10.571317672729492, 10.437174797058105, 10.336825370788574, 10.387687683105469, 10.190266609191895, 10.084513664245605, 10.313505172729492, 10.080284118652344, 10.227577209472656, 10.08283519744873, 10.269363403320312, 9.988476753234863, 10.013402938842773, 9.988983154296875, 9.966994285583496, 9.82537841796875, 9.855523109436035, 10.061573028564453, 9.850890159606934, 9.934728622436523, 9.425028800964355, 9.78832721710205, 9.52012825012207, 9.758350372314453, 9.22951889038086, 9.548335075378418, 9.307826042175293, 9.671077728271484, 9.37675666809082, 9.307448387145996, 9.334887504577637, 9.468358993530273, 9.526339530944824, 9.428485870361328, 9.413354873657227, 9.544648170471191, 9.431747436523438, 9.140612602233887, 9.321409225463867, 9.281135559082031, 9.39093017578125, 9.375150680541992, 9.688037872314453, 9.108680725097656, 9.349587440490723, 9.266301155090332, 9.178537368774414, 9.38208293914795, 9.314912796020508, 9.398567199707031, 9.16150188446045, 8.971114158630371, 9.190889358520508, 8.971324920654297, 9.096090316772461, 8.964629173278809, 9.013493537902832, 8.93901252746582, 9.145781517028809, 9.180743217468262, 8.99909782409668, 9.087646484375, 8.900457382202148, 8.914801597595215, 9.066811561584473, 9.027762413024902, 9.132171630859375, 8.890268325805664, 9.15875244140625, 9.000880241394043, 8.736891746520996, 9.1956148147583, 9.061694145202637, 9.082623481750488, 9.108757019042969, 8.991984367370605, 9.16930103302002, 8.909109115600586, 8.974627494812012, 8.87033462524414, 8.976327896118164, 8.929829597473145, 9.030620574951172, 9.09657096862793, 8.968118667602539, 9.006925582885742, 8.853184700012207, 9.046283721923828, 8.91848373413086, 8.999931335449219, 8.970752716064453], "best_val_epoch": 80, "model": "AE_sound", "lr": 0.0001, "batch_size": 256, "context": "6"}