{"iter": 2, "val_mses": [22.578691482543945, 16.19578742980957, 13.990408897399902, 13.437114715576172, 12.737882614135742, 12.129476547241211, 11.537016868591309, 11.241000175476074, 11.22836685180664, 11.03166675567627, 10.971675872802734, 10.892847061157227, 10.851557731628418, 10.744832992553711, 10.67299747467041, 10.667570114135742, 10.550488471984863, 10.54021167755127, 10.471171379089355, 10.472762107849121, 10.420659065246582, 10.404989242553711, 10.344407081604004, 10.313165664672852, 10.269305229187012, 10.26965618133545, 10.219571113586426, 10.187464714050293, 10.190320014953613, 10.143830299377441, 10.134882926940918, 10.074864387512207, 10.068066596984863, 10.029773712158203, 10.027118682861328, 10.01620864868164, 10.007256507873535, 9.952857971191406, 9.961808204650879, 9.941341400146484, 9.872129440307617, 9.862691879272461, 9.83863639831543, 9.788473129272461, 9.777997970581055, 9.749972343444824, 9.763736724853516, 9.711941719055176, 9.692198753356934, 9.664892196655273, 9.626194953918457, 9.612146377563477, 9.615067481994629, 9.585647583007812, 9.62319278717041, 9.555747985839844, 9.542906761169434, 9.520942687988281, 9.479240417480469, 9.468417167663574, 9.536774635314941, 9.44143295288086, 9.43291187286377, 9.42275619506836, 9.429581642150879, 9.418194770812988, 9.41407299041748, 9.425775527954102, 9.46884822845459, 9.383566856384277, 9.35255241394043, 9.38386058807373, 9.3682279586792, 9.34012508392334, 9.331133842468262, 9.312963485717773, 9.322070121765137, 9.319063186645508, 9.281850814819336, 9.296865463256836, 9.286231994628906, 9.246826171875, 9.287946701049805, 9.229597091674805, 9.185693740844727, 9.219441413879395, 9.17977237701416, 9.177428245544434, 9.161273956298828, 9.168939590454102, 9.173891067504883, 9.165771484375, 9.183969497680664, 9.147481918334961, 9.122464179992676, 9.10267448425293, 9.12269401550293, 9.10075855255127, 9.096695899963379, 9.115460395812988], "best_val_epoch": 99, "model": "AE_sound", "lr": 0.0001, "batch_size": 256, "context": "15"}