{"iter": 3, "val_mses": [16.273866653442383, 16.00832176208496, 12.548806190490723, 11.145760536193848, 10.468709945678711, 9.984604835510254, 9.670280456542969, 9.467427253723145, 9.221298217773438, 8.959957122802734, 8.868258476257324, 8.813639640808105, 8.74586296081543, 8.653182029724121, 8.50020694732666, 8.378447532653809, 8.336535453796387, 8.281144142150879, 8.236595153808594, 8.183682441711426, 8.145642280578613, 8.117599487304688, 8.05770492553711, 8.030102729797363, 7.99654483795166, 7.984301567077637, 7.95381498336792, 7.954524517059326, 7.922024250030518, 7.8929362297058105, 7.883242607116699, 7.823483943939209, 7.840436935424805, 7.813450336456299, 7.754956245422363, 7.788447380065918, 7.761685371398926, 7.72822904586792, 7.702789306640625, 7.711222171783447, 7.690414905548096, 7.670300483703613, 7.635451793670654, 7.644257068634033, 7.5983710289001465, 7.499423503875732, 7.449736595153809, 7.392049312591553, 7.361861705780029, 7.361248016357422, 7.343321323394775, 7.31301212310791, 7.306158065795898, 7.2936625480651855, 7.2844462394714355, 7.299411296844482, 7.290346145629883, 7.276420593261719, 7.244603633880615, 7.24359130859375, 7.241572856903076, 7.251775741577148, 7.220184326171875, 7.2116618156433105, 7.188060283660889, 7.186236381530762, 7.2049713134765625, 7.183516979217529, 7.195199489593506, 7.160933494567871, 7.168388366699219, 7.167595386505127, 7.163833141326904, 7.173924922943115, 7.159911632537842, 7.145461082458496, 7.1438469886779785, 7.133578300476074, 7.144729137420654, 7.13682746887207, 7.116177082061768, 7.147369384765625, 7.105127811431885, 7.12847900390625, 7.098596572875977, 7.104159832000732, 7.103517055511475, 7.099750995635986, 7.082554340362549, 7.090331077575684, 7.083861351013184, 7.088225841522217, 7.083782196044922, 7.062874794006348, 7.054469108581543, 7.059267997741699, 7.046998500823975, 7.061758995056152, 7.054120063781738, 7.056768417358398], "best_val_epoch": 97, "model": "AE_sound", "lr": 0.0001, "batch_size": 256, "context": "8"}