{"iter": 1, "val_mses": [13.68520736694336, 12.080368995666504, 11.371435165405273, 11.150965690612793, 10.496576309204102, 10.447762489318848, 10.266194343566895, 10.11504077911377, 10.002053260803223, 9.858603477478027, 9.81328010559082, 9.760986328125, 9.710256576538086, 9.659416198730469, 9.619940757751465, 9.554669380187988, 9.546056747436523, 9.529555320739746, 9.54871654510498, 9.498226165771484, 9.509389877319336, 9.533319473266602, 9.508523941040039, 9.575801849365234, 9.532032012939453, 9.548605918884277, 9.524664878845215, 9.548376083374023, 9.557469367980957, 9.57671070098877, 9.574949264526367, 9.56149959564209, 9.567392349243164, 9.572084426879883, 9.558252334594727, 9.525876998901367, 9.55158519744873, 9.494492530822754, 9.490321159362793, 9.514456748962402, 9.534941673278809, 9.445781707763672, 9.447793006896973, 9.408495903015137, 9.408097267150879, 9.404151916503906, 9.418458938598633, 9.353193283081055, 9.346101760864258, 9.339964866638184, 9.33360767364502, 9.356070518493652, 9.355751037597656, 9.324995994567871, 9.324457168579102, 9.340398788452148, 9.365342140197754, 9.311010360717773, 9.319058418273926, 9.336370468139648, 9.317878723144531, 9.28695297241211, 9.27147388458252, 9.321735382080078, 9.390356063842773, 9.327497482299805, 9.339000701904297, 9.360945701599121, 9.320849418640137, 9.34395980834961, 9.325850486755371, 9.332653045654297, 9.331772804260254, 9.334184646606445, 9.289453506469727, 9.370746612548828, 9.38866138458252, 9.39687442779541, 9.329361915588379, 9.337244033813477, 9.38779067993164, 9.336507797241211, 9.353403091430664, 9.423677444458008, 9.292403221130371, 9.382904052734375, 9.443392753601074, 9.379207611083984, 9.371642112731934, 9.33291244506836, 9.343005180358887, 9.343801498413086, 9.445435523986816, 9.356801986694336, 9.417856216430664, 9.37666130065918, 9.34804916381836, 9.414710998535156, 9.42473316192627, 9.394790649414062], "best_val_epoch": 63, "model": "AE_sound", "lr": 0.0001, "batch_size": 256, "context": "5"}