{"iter": 3, "val_mses": [17.156904220581055, 16.898651123046875, 16.27505111694336, 15.348419189453125, 14.942693710327148, 14.86620807647705, 14.796838760375977, 14.893411636352539, 14.805207252502441, 14.676959037780762, 14.77754020690918, 14.792040824890137, 14.796216011047363, 14.866272926330566, 14.935941696166992, 14.622082710266113, 14.766830444335938, 14.783720016479492, 14.779414176940918, 14.71077823638916, 14.77246379852295, 14.6676664352417, 14.58781909942627, 14.705976486206055, 14.642692565917969, 14.561894416809082, 14.57957935333252, 14.456785202026367, 14.536096572875977, 14.6128511428833, 14.616880416870117, 14.385480880737305, 14.406778335571289, 14.413211822509766, 14.414207458496094, 14.458268165588379, 14.504827499389648, 14.459357261657715, 14.353096008300781, 14.48804759979248, 14.413597106933594, 14.301996231079102, 14.35198974609375, 14.263392448425293, 14.335731506347656, 14.31103229522705, 14.323895454406738, 14.241110801696777, 14.110455513000488, 14.266251564025879, 14.230143547058105, 14.116180419921875, 14.208151817321777, 14.158225059509277, 14.184814453125, 14.149738311767578, 14.222654342651367, 14.16444206237793, 14.049361228942871, 14.164430618286133, 14.15459156036377, 14.189335823059082, 14.069870948791504, 14.165068626403809, 14.163216590881348, 14.140055656433105, 14.15306282043457, 14.092162132263184, 14.088780403137207, 14.126577377319336, 14.051006317138672, 14.110904693603516, 14.0623779296875, 14.217700004577637, 14.152915000915527, 14.029521942138672, 14.01097297668457, 14.155022621154785, 14.141308784484863, 14.062201499938965, 14.012049674987793, 13.983981132507324, 13.985233306884766, 14.03084945678711, 13.95899772644043, 14.117300033569336, 13.884515762329102, 13.984346389770508, 14.008647918701172, 13.99322509765625, 13.910937309265137, 13.960515022277832, 13.901457786560059, 13.84839916229248, 13.840059280395508, 13.86966323852539, 13.90373420715332, 13.885403633117676, 13.895089149475098, 13.968718528747559], "best_val_epoch": 95, "model": "AE_sound", "lr": 0.0001, "batch_size": 256, "context": "9"}