{"iter": 1, "val_mses": [9.554329872131348, 8.591543197631836, 8.154431343078613, 7.203765392303467, 6.876545429229736, 6.841236114501953, 6.729630470275879, 6.562214374542236, 6.302167892456055, 6.208132266998291, 6.143965244293213, 6.067004203796387, 6.052245140075684, 5.996217727661133, 5.986523628234863, 5.973023891448975, 5.957844257354736, 5.949007987976074, 5.920292377471924, 5.900545120239258, 5.91246223449707, 5.876126766204834, 5.850642204284668, 5.867106914520264, 5.845831394195557, 5.844436168670654, 5.831925392150879, 5.839649677276611, 5.818424701690674, 5.816466808319092, 5.790803909301758, 5.800644397735596, 5.818546772003174, 5.80415153503418, 5.803915023803711, 5.776185989379883, 5.786188125610352, 5.778365612030029, 5.786777496337891, 5.780954360961914, 5.768036842346191, 5.767795562744141, 5.765545845031738, 5.765233516693115, 5.757462501525879, 5.768655776977539, 5.764569282531738, 5.751733303070068, 5.765646457672119, 5.756758689880371, 5.771478652954102, 5.7651519775390625, 5.761751651763916, 5.7243170738220215, 5.739190101623535, 5.747734069824219, 5.737271785736084, 5.723397254943848, 5.731555938720703, 5.711433410644531, 5.725788116455078, 5.715615749359131, 5.716605186462402, 5.725338935852051, 5.705573081970215, 5.7337822914123535, 5.716451644897461, 5.721688747406006, 5.7029900550842285, 5.697352409362793, 5.699713706970215, 5.685321807861328, 5.694183349609375, 5.687780857086182, 5.69801139831543, 5.675470352172852, 5.68194580078125, 5.682185649871826, 5.686834812164307, 5.6702094078063965, 5.667384624481201, 5.678480625152588, 5.666525363922119, 5.658680438995361, 5.677844047546387, 5.664838790893555, 5.654836654663086, 5.651247501373291, 5.647099018096924, 5.6395063400268555, 5.642660617828369, 5.655130863189697, 5.626467227935791, 5.652195453643799, 5.642575740814209, 5.643483638763428, 5.621570587158203, 5.625796318054199, 5.604015350341797, 5.61965274810791], "best_val_epoch": 99, "model": "AE_sound", "lr": 0.0001, "batch_size": 256, "context": "3"}