{"iter": 1, "val_mses": [7.492084980010986, 7.349733352661133, 7.352700710296631, 7.340269088745117, 7.333650588989258, 7.335964679718018, 7.306464195251465, 7.326450824737549, 7.318863391876221, 7.312399387359619, 7.312982082366943, 7.298281192779541, 7.2527689933776855, 7.205395698547363, 7.164183139801025, 7.1458940505981445, 7.098682403564453, 7.086277961730957, 7.07351541519165, 7.057407855987549, 7.06735372543335, 7.036960124969482, 7.028749465942383, 7.02921724319458, 7.03355073928833, 7.016618728637695, 7.031424045562744, 7.008871078491211, 7.006597995758057, 7.014698505401611, 7.011515140533447, 7.008902549743652, 7.001062870025635, 6.989197254180908, 7.0007243156433105, 6.998658180236816, 6.994641304016113, 6.982111930847168, 6.988635540008545, 6.995644569396973, 6.970423221588135, 6.97611141204834, 6.952117443084717, 6.957953929901123, 6.946107387542725, 6.955975532531738, 6.951351165771484, 6.947218418121338, 6.9402570724487305, 6.963892459869385, 6.933162689208984, 6.93562126159668, 6.930971145629883, 6.925517559051514, 6.961007118225098, 6.931508541107178, 6.917755126953125, 6.906559944152832, 6.920183181762695, 6.956247329711914, 6.924935817718506, 6.910093784332275, 6.906147480010986, 6.911591529846191, 6.899372100830078, 6.92592191696167, 6.913523197174072, 6.898737907409668, 6.903576850891113, 6.905165195465088, 6.888681411743164, 6.892909049987793, 6.8890533447265625, 6.891828536987305, 6.910808086395264, 6.9033966064453125, 6.867062568664551, 6.884897708892822, 6.8609747886657715, 6.856131076812744, 6.85983419418335, 6.860308647155762, 6.857704162597656, 6.864847183227539, 6.88730525970459, 6.855742931365967, 6.842311859130859, 6.865705490112305, 6.920250415802002, 6.87612771987915, 6.8231587409973145, 6.837455749511719, 6.8426995277404785, 6.820636749267578, 6.825669288635254, 6.833068370819092, 6.838079452514648, 6.826470375061035, 6.824078559875488, 6.838781356811523], "best_val_epoch": 94, "model": "AE_sound", "lr": 0.0001, "batch_size": 256, "context": "1"}