{"pump_5_6dB": {"AUC": 0.37778615268655114}, "pump_5_min6dB": {"AUC": 0.5063709127454147}, "pump_5_0dB": {"AUC": 0.42071354222748647}}