{"pump_5_6dB": {"AUC": 0.3707871217831377}, "pump_5_min6dB": {"AUC": 0.5017766770754819}, "pump_5_0dB": {"AUC": 0.42706650873981544}}