{"pump_5_6dB": {"ROC-AUC": 0.4568931481282079, "PR-AUC": 0.2854440304656765}, "pump_5_min6dB": {"ROC-AUC": 0.4956031728940095, "PR-AUC": 0.18871477032714384}, "pump_5_0dB": {"ROC-AUC": 0.46530993144538957, "PR-AUC": 0.2612580646378614}}