{"pump_5_6dB": {"AUC": 0.4568931481282079}, "pump_5_min6dB": {"AUC": 0.4956031728940095}, "pump_5_0dB": {"AUC": 0.46530993144538957}}