{"pump_5_6dB": {"ROC-AUC": 0.3707871217831377, "PR-AUC": 0.229683713757173}, "pump_5_min6dB": {"ROC-AUC": 0.5017766770754819, "PR-AUC": 0.17706724135882423}, "pump_5_0dB": {"ROC-AUC": 0.42706650873981544, "PR-AUC": 0.23524626175540156}}