{"pump_5_6dB": {"ROC-AUC": 0.37778615268655114, "PR-AUC": 0.2516867231969788}, "pump_5_min6dB": {"ROC-AUC": 0.5063709127454147, "PR-AUC": 0.20428590029693225}, "pump_5_0dB": {"ROC-AUC": 0.42071354222748647, "PR-AUC": 0.2515804980756889}}