{"valve_12_6dB": {"AUC": 0.6005772005772005}, "valve_12_min6dB": {"AUC": 0.5668618962736609}, "valve_12_0dB": {"AUC": 0.5551311433664375}}