{"valve_12_6dB": {"AUC": 0.4323741617859266}, "valve_12_min6dB": {"AUC": 0.5983617689500043}, "valve_12_0dB": {"AUC": 0.5275783040488923}}