{"valve_12_6dB": {"ROC-AUC": 0.6005772005772005, "PR-AUC": 0.2290872459307816}, "valve_12_min6dB": {"ROC-AUC": 0.5668618962736609, "PR-AUC": 0.21715207362931377}, "valve_12_0dB": {"ROC-AUC": 0.5551311433664375, "PR-AUC": 0.21030948529736504}}