{"valve_12_6dB": {"AUC": 0.5050674815380698}, "valve_12_min6dB": {"AUC": 0.5679993209404974}, "valve_12_0dB": {"AUC": 0.5010949834479247}}