{"valve_12_6dB": {"ROC-AUC": 0.5050674815380698, "PR-AUC": 0.18658424518212818}, "valve_12_min6dB": {"ROC-AUC": 0.5679993209404974, "PR-AUC": 0.21379220446576364}, "valve_12_0dB": {"ROC-AUC": 0.5010949834479247, "PR-AUC": 0.19147396699950045}}