{"valve_12_6dB": {"ROC-AUC": 0.4323741617859266, "PR-AUC": 0.17037106801425986}, "valve_12_min6dB": {"ROC-AUC": 0.5983617689500043, "PR-AUC": 0.23208462830745563}, "valve_12_0dB": {"ROC-AUC": 0.5275783040488923, "PR-AUC": 0.20238670703630776}}