{"slider_10_6dB": {"AUC": 0.8972772798047385}, "slider_10_min6dB": {"AUC": 0.66957034044523}, "slider_10_0dB": {"AUC": 0.8278416024912679}}