{"slider_10_6dB": {"ROC-AUC": 0.5689517316837099, "PR-AUC": 0.491502821117432}, "slider_10_min6dB": {"ROC-AUC": 0.6084879855237133, "PR-AUC": 0.5188429971599526}, "slider_10_0dB": {"ROC-AUC": 0.6682447502419728, "PR-AUC": 0.5619416223332805}}