{"slider_10_6dB": {"ROC-AUC": 0.9226949459243361, "PR-AUC": 0.8639152519572502}, "slider_10_min6dB": {"ROC-AUC": 0.7071287295375164, "PR-AUC": 0.5673084512953603}, "slider_10_0dB": {"ROC-AUC": 0.8518705550645962, "PR-AUC": 0.724582625187721}}