{"slider_10_6dB": {"AUC": 0.9226949459243361}, "slider_10_min6dB": {"AUC": 0.7071287295375164}, "slider_10_0dB": {"AUC": 0.8518705550645962}}