{"slider_10_6dB": {"ROC-AUC": 0.8972772798047385, "PR-AUC": 0.8379026296054441}, "slider_10_min6dB": {"ROC-AUC": 0.66957034044523, "PR-AUC": 0.5346200386813185}, "slider_10_0dB": {"ROC-AUC": 0.8278416024912679, "PR-AUC": 0.7200616121541339}}