{"slider_10_6dB": {"AUC": 0.5689517316837099}, "slider_10_min6dB": {"AUC": 0.6084879855237133}, "slider_10_0dB": {"AUC": 0.6682447502419728}}