{"pump_7_6dB": {"AUC": 0.6904572639866757}, "pump_7_min6dB": {"AUC": 0.5997993792111439}, "pump_7_0dB": {"AUC": 0.6839086986145809}}