{"pump_7_6dB": {"ROC-AUC": 0.7382277235218412, "PR-AUC": 0.3613725002853421}, "pump_7_min6dB": {"ROC-AUC": 0.6017298811416458, "PR-AUC": 0.22612936485885535}, "pump_7_0dB": {"ROC-AUC": 0.7166136724960254, "PR-AUC": 0.25931373264354346}}