{"pump_7_6dB": {"AUC": 0.7382277235218412}, "pump_7_min6dB": {"AUC": 0.6017298811416458}, "pump_7_0dB": {"AUC": 0.7166136724960254}}