{"pump_7_6dB": {"AUC": 0.6463774699068816}, "pump_7_min6dB": {"AUC": 0.572488454841396}, "pump_7_0dB": {"AUC": 0.6309902339314104}}