{"pump_7_6dB": {"ROC-AUC": 0.6463774699068816, "PR-AUC": 0.20908003933300612}, "pump_7_min6dB": {"ROC-AUC": 0.572488454841396, "PR-AUC": 0.2060671009611837}, "pump_7_0dB": {"ROC-AUC": 0.6309902339314104, "PR-AUC": 0.20192986170394997}}