{"pump_7_6dB": {"ROC-AUC": 0.6904572639866757, "PR-AUC": 0.28702451372724913}, "pump_7_min6dB": {"ROC-AUC": 0.5997993792111439, "PR-AUC": 0.22771295954363452}, "pump_7_0dB": {"ROC-AUC": 0.6839086986145809, "PR-AUC": 0.24156941026170808}}