{"fan_0_6dB": {"ROC-AUC": 0.8258058238256258, "PR-AUC": 0.7828881684812913}, "fan_0_min6dB": {"ROC-AUC": 0.5721020750723721, "PR-AUC": 0.5411576191704237}, "fan_0_0dB": {"ROC-AUC": 0.6282968837424283, "PR-AUC": 0.5526152658069948}}