{"fan_0_6dB": {"AUC": 0.8147322840392147}, "fan_0_min6dB": {"AUC": 0.5881480039895881}, "fan_0_0dB": {"AUC": 0.6517089546792518}}