{"fan_0_6dB": {"AUC": 0.8278395407108277}, "fan_0_min6dB": {"AUC": 0.5855839638017857}, "fan_0_0dB": {"AUC": 0.6472376967426472}}