{"fan_0_6dB": {"ROC-AUC": 0.8147322840392147, "PR-AUC": 0.777215438066799}, "fan_0_min6dB": {"ROC-AUC": 0.5881480039895881, "PR-AUC": 0.5445593940829108}, "fan_0_0dB": {"ROC-AUC": 0.6517089546792518, "PR-AUC": 0.5634502948078811}}