{"fan_0_6dB": {"ROC-AUC": 0.8278395407108277, "PR-AUC": 0.7874293252439769}, "fan_0_min6dB": {"ROC-AUC": 0.5855839638017857, "PR-AUC": 0.5352920142816331}, "fan_0_0dB": {"ROC-AUC": 0.6472376967426472, "PR-AUC": 0.5747686584949137}}