{"fan_0_6dB": {"AUC": 0.8258058238256258}, "fan_0_min6dB": {"AUC": 0.5721020750723721}, "fan_0_0dB": {"AUC": 0.6282968837424283}}