{"pump_6_6dB": {"AUC": 0.9868945868945869}, "pump_6_min6dB": {"AUC": 0.9100854700854701}, "pump_6_0dB": {"AUC": 0.9490598290598291}}