{"pump_6_6dB": {"ROC-AUC": 0.9939316239316239, "PR-AUC": 0.9782835248199654}, "pump_6_min6dB": {"ROC-AUC": 0.9274643874643875, "PR-AUC": 0.7696655707831386}, "pump_6_0dB": {"ROC-AUC": 0.9737891737891737, "PR-AUC": 0.9004093439213343}}