{"pump_6_6dB": {"ROC-AUC": 0.9868945868945869, "PR-AUC": 0.9485210828567094}, "pump_6_min6dB": {"ROC-AUC": 0.9100854700854701, "PR-AUC": 0.7255997317392409}, "pump_6_0dB": {"ROC-AUC": 0.9490598290598291, "PR-AUC": 0.8278679429283073}}