{"pump_6_6dB": {"AUC": 0.9942165242165242}, "pump_6_min6dB": {"AUC": 0.9342165242165242}, "pump_6_0dB": {"AUC": 0.9742165242165243}}