{"pump_6_6dB": {"AUC": 0.9939316239316239}, "pump_6_min6dB": {"AUC": 0.9274643874643875}, "pump_6_0dB": {"AUC": 0.9737891737891737}}