{"pump_6_6dB": {"ROC-AUC": 0.9942165242165242, "PR-AUC": 0.9780278973735517}, "pump_6_min6dB": {"ROC-AUC": 0.9342165242165242, "PR-AUC": 0.7593543209198184}, "pump_6_0dB": {"ROC-AUC": 0.9742165242165243, "PR-AUC": 0.9050615211962584}}