{"fan_2_6dB": {"ROC-AUC": 0.9409248863940123, "PR-AUC": 0.9102032086617082}, "fan_2_min6dB": {"ROC-AUC": 0.574974382963557, "PR-AUC": 0.4639230573386091}, "fan_2_0dB": {"ROC-AUC": 0.8016238973536487, "PR-AUC": 0.6901937729286058}}