{"fan_2_6dB": {"AUC": 0.9426122694466722}, "fan_2_min6dB": {"AUC": 0.5768232647242271}, "fan_2_0dB": {"AUC": 0.793816270159494}}