{"fan_2_6dB": {"ROC-AUC": 0.9426122694466722, "PR-AUC": 0.9158205944797424}, "fan_2_min6dB": {"ROC-AUC": 0.5768232647242271, "PR-AUC": 0.4629211765305879}, "fan_2_0dB": {"ROC-AUC": 0.793816270159494, "PR-AUC": 0.6772731924739128}}