{"fan_2_6dB": {"AUC": 0.9409248863940123}, "fan_2_min6dB": {"AUC": 0.574974382963557}, "fan_2_0dB": {"AUC": 0.8016238973536487}}