{"fan_2_6dB": {"AUC": 0.9368261605631293}, "fan_2_min6dB": {"AUC": 0.5706250556892096}, "fan_2_0dB": {"AUC": 0.7908925866524101}}