{"fan_2_6dB": {"ROC-AUC": 0.9368261605631293, "PR-AUC": 0.9112129867216627}, "fan_2_min6dB": {"ROC-AUC": 0.5706250556892096, "PR-AUC": 0.4583139462218434}, "fan_2_0dB": {"ROC-AUC": 0.7908925866524101, "PR-AUC": 0.6785114119820387}}