{"fan_1_6dB": {"ROC-AUC": 0.9723806286052683, "PR-AUC": 0.9630070876152779}, "fan_1_min6dB": {"ROC-AUC": 0.6397911960169324, "PR-AUC": 0.5874520693041422}, "fan_1_0dB": {"ROC-AUC": 0.7737426797973372, "PR-AUC": 0.7635613760243904}}