{"fan_1_6dB": {"AUC": 0.977326563288224}, "fan_1_min6dB": {"AUC": 0.6800057026297897}, "fan_1_0dB": {"AUC": 0.8686914657951879}}