{"fan_1_6dB": {"ROC-AUC": 0.9683723378588818, "PR-AUC": 0.9578698012025209}, "fan_1_min6dB": {"ROC-AUC": 0.6777356173096747, "PR-AUC": 0.5943359300661535}, "fan_1_0dB": {"ROC-AUC": 0.856639177066655, "PR-AUC": 0.8385509835570982}}