{"fan_1_6dB": {"ROC-AUC": 0.977326563288224, "PR-AUC": 0.9669581976167032}, "fan_1_min6dB": {"ROC-AUC": 0.6800057026297897, "PR-AUC": 0.5974871501705752}, "fan_1_0dB": {"ROC-AUC": 0.8686914657951879, "PR-AUC": 0.8455762976435666}}