{"fan_1_6dB": {"AUC": 0.9683723378588818}, "fan_1_min6dB": {"AUC": 0.6777356173096747}, "fan_1_0dB": {"AUC": 0.856639177066655}}