{"fan_1_6dB": {"AUC": 0.9723806286052683}, "fan_1_min6dB": {"AUC": 0.6397911960169324}, "fan_1_0dB": {"AUC": 0.7737426797973372}}