{"slider_11_6dB": {"ROC-AUC": 0.7318941211126541, "PR-AUC": 0.377253815434496}, "slider_11_min6dB": {"ROC-AUC": 0.5452594369397803, "PR-AUC": 0.2566256001834735}, "slider_11_0dB": {"ROC-AUC": 0.5792197954803686, "PR-AUC": 0.2789457390973096}}