{"slider_11_6dB": {"AUC": 0.700879518579304}, "slider_11_min6dB": {"AUC": 0.5254807894626099}, "slider_11_0dB": {"AUC": 0.5489626730631654}}