{"slider_11_6dB": {"AUC": 0.688717754492278}, "slider_11_min6dB": {"AUC": 0.5466481504860498}, "slider_11_0dB": {"AUC": 0.5466060682573749}}