{"slider_11_6dB": {"ROC-AUC": 0.700879518579304, "PR-AUC": 0.36767187135501533}, "slider_11_min6dB": {"ROC-AUC": 0.5254807894626099, "PR-AUC": 0.24690927614309566}, "slider_11_0dB": {"ROC-AUC": 0.5489626730631654, "PR-AUC": 0.25661042734098016}}