{"slider_11_6dB": {"AUC": 0.7318941211126541}, "slider_11_min6dB": {"AUC": 0.5452594369397803}, "slider_11_0dB": {"AUC": 0.5792197954803686}}