{"slider_11_6dB": {"ROC-AUC": 0.688717754492278, "PR-AUC": 0.3633835310019237}, "slider_11_min6dB": {"ROC-AUC": 0.5466481504860498, "PR-AUC": 0.2614248512773214}, "slider_11_0dB": {"ROC-AUC": 0.5466060682573749, "PR-AUC": 0.26047835422048576}}