{"slider_8_6dB": {"ROC-AUC": 0.9956813112822455, "PR-AUC": 0.9921727543815497}, "slider_8_min6dB": {"ROC-AUC": 0.9387650969995371, "PR-AUC": 0.8527602826943192}, "slider_8_0dB": {"ROC-AUC": 0.9808631065101208, "PR-AUC": 0.9389521855636704}}