{"slider_8_6dB": {"ROC-AUC": 0.9951395025880572, "PR-AUC": 0.9916169654728874}, "slider_8_min6dB": {"ROC-AUC": 0.9309378024660185, "PR-AUC": 0.8346831983945837}, "slider_8_0dB": {"ROC-AUC": 0.9767022261498969, "PR-AUC": 0.9299490916741755}}