{"slider_8_6dB": {"AUC": 0.9951395025880572}, "slider_8_min6dB": {"AUC": 0.9309378024660185}, "slider_8_0dB": {"AUC": 0.9767022261498969}}