{"slider_8_6dB": {"ROC-AUC": 0.9952762698312503, "PR-AUC": 0.9912666666281325}, "slider_8_min6dB": {"ROC-AUC": 0.9334101334006649, "PR-AUC": 0.8399104615525916}, "slider_8_0dB": {"ROC-AUC": 0.9794796532424357, "PR-AUC": 0.9339415706092934}}