{"slider_8_6dB": {"AUC": 0.9952762698312503}, "slider_8_min6dB": {"AUC": 0.9334101334006649}, "slider_8_0dB": {"AUC": 0.9794796532424357}}