{"slider_8_6dB": {"AUC": 0.9956813112822455}, "slider_8_min6dB": {"AUC": 0.9387650969995371}, "slider_8_0dB": {"AUC": 0.9808631065101208}}