{"slider_9_6dB": {"AUC": 0.35536338004460716}, "slider_9_min6dB": {"AUC": 0.5198698256392992}, "slider_9_0dB": {"AUC": 0.4937998849752417}}