{"slider_9_6dB": {"ROC-AUC": 0.35536338004460716, "PR-AUC": 0.2559358230055525}, "slider_9_min6dB": {"ROC-AUC": 0.5198698256392992, "PR-AUC": 0.35003804640838204}, "slider_9_0dB": {"ROC-AUC": 0.4937998849752417, "PR-AUC": 0.3556840436152765}}