{"slider_9_6dB": {"AUC": 0.33566188332000735}, "slider_9_min6dB": {"AUC": 0.5329363576428341}, "slider_9_0dB": {"AUC": 0.49154848574113824}}