{"slider_9_6dB": {"ROC-AUC": 0.37509994529310275, "PR-AUC": 0.26237213359982886}, "slider_9_min6dB": {"ROC-AUC": 0.5448806968817068, "PR-AUC": 0.36233417114591915}, "slider_9_0dB": {"ROC-AUC": 0.5100366115389471, "PR-AUC": 0.36503327040454503}}