{"slider_9_6dB": {"ROC-AUC": 0.33566188332000735, "PR-AUC": 0.24846407932954628}, "slider_9_min6dB": {"ROC-AUC": 0.5329363576428341, "PR-AUC": 0.35684141024804966}, "slider_9_0dB": {"ROC-AUC": 0.49154848574113824, "PR-AUC": 0.35102016638245254}}