{"slider_9_6dB": {"AUC": 0.37509994529310275}, "slider_9_min6dB": {"AUC": 0.5448806968817068}, "slider_9_0dB": {"AUC": 0.5100366115389471}}