{"pump_4_6dB": {"AUC": 0.7930598228808965}, "pump_4_min6dB": {"AUC": 0.6542145727036384}, "pump_4_0dB": {"AUC": 0.6616246576485146}}