{"pump_4_6dB": {"ROC-AUC": 0.7429687608614051, "PR-AUC": 0.5518174565581973}, "pump_4_min6dB": {"ROC-AUC": 0.6372951104561443, "PR-AUC": 0.32310562869501475}, "pump_4_0dB": {"ROC-AUC": 0.6137510600731276, "PR-AUC": 0.36851357070661184}}