{"pump_4_6dB": {"ROC-AUC": 0.7335706043459522, "PR-AUC": 0.5541289018231832}, "pump_4_min6dB": {"ROC-AUC": 0.6461371630357714, "PR-AUC": 0.34030228459785417}, "pump_4_0dB": {"ROC-AUC": 0.6218215184417968, "PR-AUC": 0.3887900464706106}}