{"pump_4_6dB": {"AUC": 0.7429687608614051}, "pump_4_min6dB": {"AUC": 0.6372951104561443}, "pump_4_0dB": {"AUC": 0.6137510600731276}}