{"pump_4_6dB": {"ROC-AUC": 0.7930598228808965, "PR-AUC": 0.6732473325103879}, "pump_4_min6dB": {"ROC-AUC": 0.6542145727036384, "PR-AUC": 0.33362890786929533}, "pump_4_0dB": {"ROC-AUC": 0.6616246576485146, "PR-AUC": 0.4382230645563786}}