{"pump_4_6dB": {"AUC": 0.7335706043459522}, "pump_4_min6dB": {"AUC": 0.6461371630357714}, "pump_4_0dB": {"AUC": 0.6218215184417968}}