{"valve_14_6dB": {"ROC-AUC": 0.6443833333333333, "PR-AUC": 0.27967350666406166}, "valve_14_min6dB": {"ROC-AUC": 0.5187333333333334, "PR-AUC": 0.19907567664982825}, "valve_14_0dB": {"ROC-AUC": 0.6442166666666667, "PR-AUC": 0.27011717628541565}}