{"valve_14_6dB": {"AUC": 0.6443833333333333}, "valve_14_min6dB": {"AUC": 0.5187333333333334}, "valve_14_0dB": {"AUC": 0.6442166666666667}}