{"valve_14_6dB": {"ROC-AUC": 0.7030000000000001, "PR-AUC": 0.3343808079530196}, "valve_14_min6dB": {"ROC-AUC": 0.57635, "PR-AUC": 0.2231771261148905}, "valve_14_0dB": {"ROC-AUC": 0.6995833333333333, "PR-AUC": 0.3089614479533862}}