{"valve_14_6dB": {"ROC-AUC": 0.6418666666666667, "PR-AUC": 0.27931969687796354}, "valve_14_min6dB": {"ROC-AUC": 0.5073333333333334, "PR-AUC": 0.19257829702402113}, "valve_14_0dB": {"ROC-AUC": 0.6373833333333333, "PR-AUC": 0.26055542702942674}}