{"valve_14_6dB": {"AUC": 0.7030000000000001}, "valve_14_min6dB": {"AUC": 0.57635}, "valve_14_0dB": {"AUC": 0.6995833333333333}}