{"valve_14_6dB": {"AUC": 0.6418666666666667}, "valve_14_min6dB": {"AUC": 0.5073333333333334}, "valve_14_0dB": {"AUC": 0.6373833333333333}}