{"valve_13_6dB": {"AUC": 0.6690442561205273}, "valve_13_min6dB": {"AUC": 0.522316384180791}, "valve_13_0dB": {"AUC": 0.6213276836158192}}