{"valve_13_6dB": {"ROC-AUC": 0.6690442561205273, "PR-AUC": 0.3753327775435573}, "valve_13_min6dB": {"ROC-AUC": 0.522316384180791, "PR-AUC": 0.25855403685351475}, "valve_13_0dB": {"ROC-AUC": 0.6213276836158192, "PR-AUC": 0.3320670215208228}}