{"valve_13_6dB": {"ROC-AUC": 0.6621939736346516, "PR-AUC": 0.37757933332644145}, "valve_13_min6dB": {"ROC-AUC": 0.5271892655367232, "PR-AUC": 0.25859707117324093}, "valve_13_0dB": {"ROC-AUC": 0.6252118644067797, "PR-AUC": 0.3332868533539314}}