{"valve_13_6dB": {"AUC": 0.6544962335216571}, "valve_13_min6dB": {"AUC": 0.5093455743879473}, "valve_13_0dB": {"AUC": 0.6247175141242938}}