{"valve_13_6dB": {"ROC-AUC": 0.6544962335216571, "PR-AUC": 0.3645406171972681}, "valve_13_min6dB": {"ROC-AUC": 0.5093455743879473, "PR-AUC": 0.24128440344818652}, "valve_13_0dB": {"ROC-AUC": 0.6247175141242938, "PR-AUC": 0.328936868887292}}