{"valve_13_6dB": {"AUC": 0.6621939736346516}, "valve_13_min6dB": {"AUC": 0.5271892655367232}, "valve_13_0dB": {"AUC": 0.6252118644067797}}