{"iter": 4, "val_mses": [13.85576343536377, 13.654367446899414, 13.337105751037598, 11.267728805541992, 10.346548080444336, 9.887778282165527, 9.751049041748047, 9.639300346374512, 9.581110954284668, 9.504518508911133, 9.4441556930542, 9.395719528198242, 9.349492073059082, 9.302553176879883, 9.254873275756836, 9.196579933166504, 9.16453742980957, 9.107680320739746, 9.095593452453613, 9.053564071655273, 9.03181266784668, 9.021127700805664, 8.99751091003418, 8.979593276977539, 8.936580657958984, 8.93808650970459, 8.910669326782227, 8.9088134765625, 8.885003089904785, 8.863900184631348, 8.808878898620605, 8.777215003967285, 8.757911682128906, 8.767845153808594, 8.735254287719727, 8.737181663513184, 8.694148063659668, 8.694138526916504, 8.694607734680176, 8.661710739135742, 8.656820297241211, 8.66013240814209, 8.619954109191895, 8.588500022888184, 8.593781471252441, 8.589434623718262, 8.569040298461914, 8.556248664855957, 8.5514554977417, 8.551474571228027, 8.536787986755371, 8.523838996887207, 8.499409675598145, 8.471296310424805, 8.469080924987793, 8.461800575256348, 8.452024459838867, 8.436466217041016, 8.415875434875488, 8.450478553771973, 8.413414001464844, 8.415512084960938, 8.418935775756836, 8.402015686035156, 8.405656814575195, 8.40140438079834, 8.39802074432373, 8.376115798950195, 8.365937232971191, 8.386922836303711, 8.359517097473145, 8.363415718078613, 8.365294456481934, 8.36663818359375, 8.352314949035645, 8.356350898742676, 8.338627815246582, 8.33981704711914, 8.340274810791016, 8.331605911254883, 8.338647842407227, 8.327661514282227, 8.30893611907959, 8.318761825561523, 8.306071281433105, 8.315622329711914, 8.31013011932373, 8.29930305480957, 8.296294212341309, 8.285737037658691, 8.309379577636719, 8.295517921447754, 8.28661823272705, 8.287190437316895, 8.288411140441895, 8.289056777954102, 8.278409004211426, 8.275252342224121, 8.269889831542969, 8.275132179260254], "best_val_epoch": 99, "model": "AE_sound_FiLM_one_hot", "lr": 0.0001, "batch_size": 256, "context": ""}