{"iter": 3, "val_mses": [14.046989440917969, 12.54235553741455, 11.691609382629395, 11.13541316986084, 10.85412883758545, 10.592040061950684, 10.181748390197754, 9.870058059692383, 9.73688793182373, 9.549595832824707, 9.4573335647583, 9.329299926757812, 9.159469604492188, 8.979337692260742, 8.775130271911621, 8.639521598815918, 8.550363540649414, 8.52159309387207, 8.486109733581543, 8.47568130493164, 8.445550918579102, 8.431731224060059, 8.398240089416504, 8.382655143737793, 8.333025932312012, 8.285666465759277, 8.272374153137207, 8.241329193115234, 8.210575103759766, 8.184473037719727, 8.16524887084961, 8.13145923614502, 8.120676040649414, 8.105437278747559, 8.098343849182129, 8.072454452514648, 8.06920051574707, 8.070453643798828, 8.062936782836914, 8.047881126403809, 8.024320602416992, 8.039740562438965, 8.016946792602539, 8.005926132202148, 7.99852991104126, 8.00810718536377, 7.986445426940918, 8.000137329101562, 7.977589130401611, 7.962614059448242, 7.949969291687012, 7.959205150604248, 7.956855297088623, 7.948466777801514, 7.943300724029541, 7.930887699127197, 7.932281017303467, 7.921418190002441, 7.915019512176514, 7.914772033691406, 7.910332679748535, 7.916546821594238, 7.9026288986206055, 7.920241355895996, 7.896659851074219, 7.880319118499756, 7.887843608856201, 7.886526584625244, 7.893793106079102, 7.892441272735596, 7.882411479949951, 7.883433818817139, 7.873550891876221, 7.8732476234436035, 7.853010654449463, 7.848141670227051, 7.839300632476807, 7.863822937011719, 7.835833549499512, 7.835885524749756, 7.828010082244873, 7.833907127380371, 7.83681058883667, 7.82670259475708, 7.822482109069824, 7.821164608001709, 7.8068928718566895, 7.803864002227783, 7.813116550445557, 7.799435615539551, 7.80720329284668, 7.792677402496338, 7.797791481018066, 7.8027801513671875, 7.788111686706543, 7.7834906578063965, 7.77493953704834, 7.790319442749023, 7.778052806854248, 7.7669172286987305], "best_val_epoch": 100, "model": "AE_sound_FiLM_one_hot", "lr": 0.0001, "batch_size": 256, "context": ""}