{"iter": 5, "val_mses": [13.882723808288574, 12.584295272827148, 11.842376708984375, 10.361488342285156, 9.749641418457031, 9.404359817504883, 9.056117057800293, 8.939155578613281, 8.894668579101562, 8.820775985717773, 8.789602279663086, 8.757681846618652, 8.746021270751953, 8.69711971282959, 8.674221992492676, 8.638327598571777, 8.586648941040039, 8.571216583251953, 8.574313163757324, 8.558449745178223, 8.519994735717773, 8.492605209350586, 8.484663009643555, 8.4663724899292, 8.434711456298828, 8.421529769897461, 8.418832778930664, 8.402764320373535, 8.406207084655762, 8.389579772949219, 8.36567211151123, 8.376676559448242, 8.369421005249023, 8.36750602722168, 8.35963249206543, 8.356128692626953, 8.339449882507324, 8.350625038146973, 8.337363243103027, 8.33349323272705, 8.32485294342041, 8.33031940460205, 8.33545970916748, 8.323455810546875, 8.307997703552246, 8.296394348144531, 8.276833534240723, 8.252240180969238, 8.245966911315918, 8.244420051574707, 8.237310409545898, 8.222393035888672, 8.210856437683105, 8.214550018310547, 8.206079483032227, 8.181621551513672, 8.176532745361328, 8.16667652130127, 8.148890495300293, 8.169553756713867, 8.15128231048584, 8.12890625, 8.133187294006348, 8.12112045288086, 8.100387573242188, 8.105916976928711, 8.106228828430176, 8.09009838104248, 8.091475486755371, 8.093345642089844, 8.094342231750488, 8.085993766784668, 8.078054428100586, 8.08671760559082, 8.079634666442871, 8.06856918334961, 8.063569068908691, 8.061954498291016, 8.06498908996582, 8.051908493041992, 8.054330825805664, 8.044910430908203, 8.055964469909668, 8.036308288574219, 8.02709674835205, 8.026897430419922, 8.02515983581543, 8.014975547790527, 8.018644332885742, 8.019099235534668, 8.01718807220459, 7.999917984008789, 8.00800895690918, 8.007905006408691, 7.997371196746826, 8.008358001708984, 7.99122953414917, 7.9864277839660645, 7.991549968719482, 7.996357440948486], "best_val_epoch": 98, "model": "AE_sound_FiLM_one_hot", "lr": 0.0001, "batch_size": 256, "context": ""}