{"valve_12_6dB": {"ROC-AUC": 0.4595365418894831, "PR-AUC": 0.17520537405214825}, "valve_14_6dB": {"ROC-AUC": 0.5933833333333333, "PR-AUC": 0.2423722446386996}, "valve_15_6dB": {"ROC-AUC": 0.6364079301075269, "PR-AUC": 0.26880138983252966}, "valve_13_6dB": {"ROC-AUC": 0.7032956685499059, "PR-AUC": 0.40618487151736743}, "pump_5_6dB": {"ROC-AUC": 0.42866372348444054, "PR-AUC": 0.2988617085275684}, "pump_7_6dB": {"ROC-AUC": 0.6110038610038611, "PR-AUC": 0.18838725243932405}, "pump_6_6dB": {"ROC-AUC": 0.9872649572649573, "PR-AUC": 0.9462225081769302}, "pump_4_6dB": {"ROC-AUC": 0.7417870399977756, "PR-AUC": 0.5096734356998914}, "fan_1_6dB": {"ROC-AUC": 0.9737514530739367, "PR-AUC": 0.9580561165851805}, "fan_3_6dB": {"ROC-AUC": 0.9866030694924793, "PR-AUC": 0.9350678208613714}, "fan_2_6dB": {"ROC-AUC": 0.9312071193085627, "PR-AUC": 0.8708624967548556}, "fan_0_6dB": {"ROC-AUC": 0.7965407351545966, "PR-AUC": 0.7511093500709454}, "slider_8_6dB": {"ROC-AUC": 0.995449859024534, "PR-AUC": 0.9919556989301699}, "slider_10_6dB": {"ROC-AUC": 0.9198123132601103, "PR-AUC": 0.8065986028259688}, "slider_11_6dB": {"ROC-AUC": 0.7536927155662164, "PR-AUC": 0.39048083002842526}, "slider_9_6dB": {"ROC-AUC": 0.7885999242519883, "PR-AUC": 0.731941727060011}, "valve_12_min6dB": {"ROC-AUC": 0.5751803751803752, "PR-AUC": 0.21617651319762138}, "valve_14_min6dB": {"ROC-AUC": 0.5215166666666666, "PR-AUC": 0.1985290429897561}, "valve_15_min6dB": {"ROC-AUC": 0.4984711021505377, "PR-AUC": 0.18941243670727034}, "valve_13_min6dB": {"ROC-AUC": 0.5547787193973635, "PR-AUC": 0.2680024629861315}, "pump_4_min6dB": {"ROC-AUC": 0.6528799232576568, "PR-AUC": 0.3277451346788484}, "pump_6_min6dB": {"ROC-AUC": 0.9275213675213676, "PR-AUC": 0.7734644284380946}, "pump_7_min6dB": {"ROC-AUC": 0.5666023166023166, "PR-AUC": 0.19098735310462944}, "pump_5_min6dB": {"ROC-AUC": 0.5149671583934532, "PR-AUC": 0.21029162368641202}, "fan_0_min6dB": {"ROC-AUC": 0.5651981414357652, "PR-AUC": 0.5226328866452213}, "fan_2_min6dB": {"ROC-AUC": 0.5481488906709435, "PR-AUC": 0.4381938267229133}, "fan_3_min6dB": {"ROC-AUC": 0.7746507345910713, "PR-AUC": 0.632657385051044}, "fan_1_min6dB": {"ROC-AUC": 0.7105805715789704, "PR-AUC": 0.6132589214361264}, "slider_8_min6dB": {"ROC-AUC": 0.9299278289778227, "PR-AUC": 0.8345750558705521}, "slider_10_min6dB": {"ROC-AUC": 0.7046037958170266, "PR-AUC": 0.5912493041439674}, "slider_11_min6dB": {"ROC-AUC": 0.525228296090561, "PR-AUC": 0.24986087752353964}, "slider_9_min6dB": {"ROC-AUC": 0.690394029934492, "PR-AUC": 0.4881249208918902}, "valve_13_0dB": {"ROC-AUC": 0.6516949152542373, "PR-AUC": 0.351147724980571}, "valve_15_0dB": {"ROC-AUC": 0.5653309811827957, "PR-AUC": 0.21629800054840237}, "valve_14_0dB": {"ROC-AUC": 0.6157333333333334, "PR-AUC": 0.25363571926407213}, "valve_12_0dB": {"ROC-AUC": 0.5438078261607674, "PR-AUC": 0.20161700909895908}, "slider_8_0dB": {"ROC-AUC": 0.980984092917561, "PR-AUC": 0.9441746301614844}, "slider_10_0dB": {"ROC-AUC": 0.8576568615073854, "PR-AUC": 0.7348344638335426}, "slider_11_0dB": {"ROC-AUC": 0.5827967849177292, "PR-AUC": 0.2742927924799833}, "slider_9_0dB": {"ROC-AUC": 0.7811163012526476, "PR-AUC": 0.6916240680663766}, "pump_4_0dB": {"ROC-AUC": 0.6386436625005214, "PR-AUC": 0.372454686197157}, "pump_6_0dB": {"ROC-AUC": 0.9696866096866097, "PR-AUC": 0.8812848342372711}, "pump_7_0dB": {"ROC-AUC": 0.6269778181542887, "PR-AUC": 0.1966551269418616}, "pump_5_0dB": {"ROC-AUC": 0.44230286062955393, "PR-AUC": 0.26970209535516826}, "fan_0_0dB": {"ROC-AUC": 0.6193689639234193, "PR-AUC": 0.5411706288657132}, "fan_2_0dB": {"ROC-AUC": 0.7834747839258664, "PR-AUC": 0.6604266044059268}, "fan_3_0dB": {"ROC-AUC": 0.9532910444907036, "PR-AUC": 0.8845780423604482}, "fan_1_0dB": {"ROC-AUC": 0.8822955278222534, "PR-AUC": 0.8593182793242555}}