{"valve_12_6dB": {"AUC": 0.4595365418894831}, "valve_14_6dB": {"AUC": 0.5933833333333333}, "valve_15_6dB": {"AUC": 0.6364079301075269}, "valve_13_6dB": {"AUC": 0.7032956685499059}, "pump_5_6dB": {"AUC": 0.42866372348444054}, "pump_7_6dB": {"AUC": 0.6110038610038611}, "pump_6_6dB": {"AUC": 0.9872649572649573}, "pump_4_6dB": {"AUC": 0.7417870399977756}, "fan_1_6dB": {"AUC": 0.9737514530739367}, "fan_3_6dB": {"AUC": 0.9866030694924793}, "fan_2_6dB": {"AUC": 0.9312071193085627}, "fan_0_6dB": {"AUC": 0.7965407351545966}, "slider_8_6dB": {"AUC": 0.995449859024534}, "slider_10_6dB": {"AUC": 0.9198123132601103}, "slider_11_6dB": {"AUC": 0.7536927155662164}, "slider_9_6dB": {"AUC": 0.7885999242519883}, "valve_12_min6dB": {"AUC": 0.5751803751803752}, "valve_14_min6dB": {"AUC": 0.5215166666666666}, "valve_15_min6dB": {"AUC": 0.4984711021505377}, "valve_13_min6dB": {"AUC": 0.5547787193973635}, "pump_4_min6dB": {"AUC": 0.6528799232576568}, "pump_6_min6dB": {"AUC": 0.9275213675213676}, "pump_7_min6dB": {"AUC": 0.5666023166023166}, "pump_5_min6dB": {"AUC": 0.5149671583934532}, "fan_0_min6dB": {"AUC": 0.5651981414357652}, "fan_2_min6dB": {"AUC": 0.5481488906709435}, "fan_3_min6dB": {"AUC": 0.7746507345910713}, "fan_1_min6dB": {"AUC": 0.7105805715789704}, "slider_8_min6dB": {"AUC": 0.9299278289778227}, "slider_10_min6dB": {"AUC": 0.7046037958170266}, "slider_11_min6dB": {"AUC": 0.525228296090561}, "slider_9_min6dB": {"AUC": 0.690394029934492}, "valve_13_0dB": {"AUC": 0.6516949152542373}, "valve_15_0dB": {"AUC": 0.5653309811827957}, "valve_14_0dB": {"AUC": 0.6157333333333334}, "valve_12_0dB": {"AUC": 0.5438078261607674}, "slider_8_0dB": {"AUC": 0.980984092917561}, "slider_10_0dB": {"AUC": 0.8576568615073854}, "slider_11_0dB": {"AUC": 0.5827967849177292}, "slider_9_0dB": {"AUC": 0.7811163012526476}, "pump_4_0dB": {"AUC": 0.6386436625005214}, "pump_6_0dB": {"AUC": 0.9696866096866097}, "pump_7_0dB": {"AUC": 0.6269778181542887}, "pump_5_0dB": {"AUC": 0.44230286062955393}, "fan_0_0dB": {"AUC": 0.6193689639234193}, "fan_2_0dB": {"AUC": 0.7834747839258664}, "fan_3_0dB": {"AUC": 0.9532910444907036}, "fan_1_0dB": {"AUC": 0.8822955278222534}}