{"valve_12_6dB": {"ROC-AUC": 0.4457516339869281, "PR-AUC": 0.1704229095896675}, "valve_14_6dB": {"ROC-AUC": 0.5563166666666666, "PR-AUC": 0.24203515597676034}, "valve_15_6dB": {"ROC-AUC": 0.6338541666666667, "PR-AUC": 0.26846161114424}, "valve_13_6dB": {"ROC-AUC": 0.715442561205273, "PR-AUC": 0.4330379807294321}, "pump_5_6dB": {"ROC-AUC": 0.4678582965435555, "PR-AUC": 0.28924674712748977}, "pump_7_6dB": {"ROC-AUC": 0.6535884624119919, "PR-AUC": 0.23956400908266437}, "pump_6_6dB": {"ROC-AUC": 0.9689743589743591, "PR-AUC": 0.9008335184338008}, "pump_4_6dB": {"ROC-AUC": 0.7264385713689889, "PR-AUC": 0.4830060147203749}, "fan_1_6dB": {"ROC-AUC": 0.9458030838067247, "PR-AUC": 0.929844558726423}, "fan_3_6dB": {"ROC-AUC": 0.9852316871281286, "PR-AUC": 0.9329039022498928}, "fan_2_6dB": {"ROC-AUC": 0.9102234251091508, "PR-AUC": 0.8527243358611327}, "fan_0_6dB": {"ROC-AUC": 0.7695526309387695, "PR-AUC": 0.7211235873122674}, "slider_8_6dB": {"ROC-AUC": 0.9963546269410427, "PR-AUC": 0.993940381614357}, "slider_10_6dB": {"ROC-AUC": 0.9182131885704667, "PR-AUC": 0.8119905158696892}, "slider_11_6dB": {"ROC-AUC": 0.7512519463030762, "PR-AUC": 0.39569818392230527}, "slider_9_6dB": {"ROC-AUC": 0.7030818218799535, "PR-AUC": 0.5942697669361463}, "valve_12_min6dB": {"ROC-AUC": 0.4954078601137425, "PR-AUC": 0.19692491640195864}, "valve_14_min6dB": {"ROC-AUC": 0.48939999999999995, "PR-AUC": 0.18529311740909055}, "valve_15_min6dB": {"ROC-AUC": 0.49870631720430103, "PR-AUC": 0.18894307909242508}, "valve_13_min6dB": {"ROC-AUC": 0.5474576271186441, "PR-AUC": 0.267999722173762}, "pump_4_min6dB": {"ROC-AUC": 0.6496962282250552, "PR-AUC": 0.3922282313063174}, "pump_6_min6dB": {"ROC-AUC": 0.9311680911680911, "PR-AUC": 0.7874920034385309}, "pump_7_min6dB": {"ROC-AUC": 0.5730562495268378, "PR-AUC": 0.21132404714883649}, "pump_5_min6dB": {"ROC-AUC": 0.5186999748752738, "PR-AUC": 0.2529357530411578}, "fan_0_min6dB": {"ROC-AUC": 0.5595494684603595, "PR-AUC": 0.5111583702554379}, "fan_2_min6dB": {"ROC-AUC": 0.5547090795687427, "PR-AUC": 0.44961390545580376}, "fan_3_min6dB": {"ROC-AUC": 0.7693236517016615, "PR-AUC": 0.6531892493233946}, "fan_1_min6dB": {"ROC-AUC": 0.6882306494418002, "PR-AUC": 0.6154889353084622}, "slider_8_min6dB": {"ROC-AUC": 0.9442410470058494, "PR-AUC": 0.8731524289649694}, "slider_10_min6dB": {"ROC-AUC": 0.6975129402853174, "PR-AUC": 0.6024665897420352}, "slider_11_min6dB": {"ROC-AUC": 0.5255228716912848, "PR-AUC": 0.24898273679207739}, "slider_9_min6dB": {"ROC-AUC": 0.6719269452510205, "PR-AUC": 0.4777163807197487}, "valve_13_0dB": {"ROC-AUC": 0.6487758945386065, "PR-AUC": 0.344722210596083}, "valve_15_0dB": {"ROC-AUC": 0.5636760752688172, "PR-AUC": 0.21848712843772738}, "valve_14_0dB": {"ROC-AUC": 0.57575, "PR-AUC": 0.23711680046177205}, "valve_12_0dB": {"ROC-AUC": 0.45663356251591547, "PR-AUC": 0.1790689922750757}, "slider_8_0dB": {"ROC-AUC": 0.9831934099229895, "PR-AUC": 0.9536115831589538}, "slider_10_0dB": {"ROC-AUC": 0.8613600976307706, "PR-AUC": 0.7517974471139133}, "slider_11_0dB": {"ROC-AUC": 0.5710558431174515, "PR-AUC": 0.2823899037133937}, "slider_9_0dB": {"ROC-AUC": 0.7405139642862153, "PR-AUC": 0.6419566541806452}, "pump_4_0dB": {"ROC-AUC": 0.6244630121369683, "PR-AUC": 0.4213605006009157}, "pump_6_0dB": {"ROC-AUC": 0.9525071225071224, "PR-AUC": 0.8583213883080802}, "pump_7_0dB": {"ROC-AUC": 0.6531910061321826, "PR-AUC": 0.2195385049725312}, "pump_5_0dB": {"ROC-AUC": 0.47336779010085783, "PR-AUC": 0.2742487689321477}, "fan_0_0dB": {"ROC-AUC": 0.6099009900990099, "PR-AUC": 0.531066488195278}, "fan_2_0dB": {"ROC-AUC": 0.7819488995812172, "PR-AUC": 0.6711238314383031}, "fan_3_0dB": {"ROC-AUC": 0.9488162948635993, "PR-AUC": 0.885722543916742}, "fan_1_0dB": {"ROC-AUC": 0.8540949268528064, "PR-AUC": 0.8437714053756497}}