{"valve_12_6dB": {"AUC": 0.4457516339869281}, "valve_14_6dB": {"AUC": 0.5563166666666666}, "valve_15_6dB": {"AUC": 0.6338541666666667}, "valve_13_6dB": {"AUC": 0.715442561205273}, "pump_5_6dB": {"AUC": 0.4678582965435555}, "pump_7_6dB": {"AUC": 0.6535884624119919}, "pump_6_6dB": {"AUC": 0.9689743589743591}, "pump_4_6dB": {"AUC": 0.7264385713689889}, "fan_1_6dB": {"AUC": 0.9458030838067247}, "fan_3_6dB": {"AUC": 0.9852316871281286}, "fan_2_6dB": {"AUC": 0.9102234251091508}, "fan_0_6dB": {"AUC": 0.7695526309387695}, "slider_8_6dB": {"AUC": 0.9963546269410427}, "slider_10_6dB": {"AUC": 0.9182131885704667}, "slider_11_6dB": {"AUC": 0.7512519463030762}, "slider_9_6dB": {"AUC": 0.7030818218799535}, "valve_12_min6dB": {"AUC": 0.4954078601137425}, "valve_14_min6dB": {"AUC": 0.48939999999999995}, "valve_15_min6dB": {"AUC": 0.49870631720430103}, "valve_13_min6dB": {"AUC": 0.5474576271186441}, "pump_4_min6dB": {"AUC": 0.6496962282250552}, "pump_6_min6dB": {"AUC": 0.9311680911680911}, "pump_7_min6dB": {"AUC": 0.5730562495268378}, "pump_5_min6dB": {"AUC": 0.5186999748752738}, "fan_0_min6dB": {"AUC": 0.5595494684603595}, "fan_2_min6dB": {"AUC": 0.5547090795687427}, "fan_3_min6dB": {"AUC": 0.7693236517016615}, "fan_1_min6dB": {"AUC": 0.6882306494418002}, "slider_8_min6dB": {"AUC": 0.9442410470058494}, "slider_10_min6dB": {"AUC": 0.6975129402853174}, "slider_11_min6dB": {"AUC": 0.5255228716912848}, "slider_9_min6dB": {"AUC": 0.6719269452510205}, "valve_13_0dB": {"AUC": 0.6487758945386065}, "valve_15_0dB": {"AUC": 0.5636760752688172}, "valve_14_0dB": {"AUC": 0.57575}, "valve_12_0dB": {"AUC": 0.45663356251591547}, "slider_8_0dB": {"AUC": 0.9831934099229895}, "slider_10_0dB": {"AUC": 0.8613600976307706}, "slider_11_0dB": {"AUC": 0.5710558431174515}, "slider_9_0dB": {"AUC": 0.7405139642862153}, "pump_4_0dB": {"AUC": 0.6244630121369683}, "pump_6_0dB": {"AUC": 0.9525071225071224}, "pump_7_0dB": {"AUC": 0.6531910061321826}, "pump_5_0dB": {"AUC": 0.47336779010085783}, "fan_0_0dB": {"AUC": 0.6099009900990099}, "fan_2_0dB": {"AUC": 0.7819488995812172}, "fan_3_0dB": {"AUC": 0.9488162948635993}, "fan_1_0dB": {"AUC": 0.8540949268528064}}