{"valve_12_6dB": {"AUC": 0.4879721585603939}, "valve_14_6dB": {"AUC": 0.5902666666666666}, "valve_15_6dB": {"AUC": 0.6343245967741935}, "valve_13_6dB": {"AUC": 0.7363700564971751}, "pump_5_6dB": {"AUC": 0.3897921826208679}, "pump_7_6dB": {"AUC": 0.58115678703914}, "pump_6_6dB": {"AUC": 0.988034188034188}, "pump_4_6dB": {"AUC": 0.6954357769467113}, "fan_1_6dB": {"AUC": 0.9686300528589915}, "fan_3_6dB": {"AUC": 0.9868981079294312}, "fan_2_6dB": {"AUC": 0.932075870979239}, "fan_0_6dB": {"AUC": 0.7534531831561535}, "slider_8_6dB": {"AUC": 0.9953130917813408}, "slider_10_6dB": {"AUC": 0.9305853638008669}, "slider_11_6dB": {"AUC": 0.7376173042124311}, "slider_9_6dB": {"AUC": 0.8059378024660186}, "valve_12_min6dB": {"AUC": 0.5034886681945505}, "valve_14_min6dB": {"AUC": 0.5174333333333333}, "valve_15_min6dB": {"AUC": 0.499630376344086}, "valve_13_min6dB": {"AUC": 0.5601224105461394}, "pump_4_min6dB": {"AUC": 0.6516982023940273}, "pump_6_min6dB": {"AUC": 0.9405128205128206}, "pump_7_min6dB": {"AUC": 0.5450071920660156}, "pump_5_min6dB": {"AUC": 0.48094110046301286}, "fan_0_min6dB": {"AUC": 0.5410903252487411}, "fan_2_min6dB": {"AUC": 0.5465561792747038}, "fan_3_min6dB": {"AUC": 0.7980243352073737}, "fan_1_min6dB": {"AUC": 0.7111508345579365}, "slider_8_min6dB": {"AUC": 0.9418739216428901}, "slider_10_min6dB": {"AUC": 0.7254344990110676}, "slider_11_min6dB": {"AUC": 0.5384000336657829}, "slider_9_min6dB": {"AUC": 0.7275736789687048}, "valve_13_0dB": {"AUC": 0.6608050847457627}, "valve_15_0dB": {"AUC": 0.5692708333333333}, "valve_14_0dB": {"AUC": 0.6092666666666666}, "valve_12_0dB": {"AUC": 0.4790934555640437}, "slider_8_0dB": {"AUC": 0.9824464503640113}, "slider_10_0dB": {"AUC": 0.8725539704582754}, "slider_11_0dB": {"AUC": 0.5877624879013592}, "slider_9_0dB": {"AUC": 0.8050891441877428}, "pump_4_0dB": {"AUC": 0.6122982385407834}, "pump_6_0dB": {"AUC": 0.9693162393162393}, "pump_7_0dB": {"AUC": 0.5901468695586343}, "pump_5_0dB": {"AUC": 0.38465955995836476}, "fan_0_0dB": {"AUC": 0.5816332984649817}, "fan_2_0dB": {"AUC": 0.7808908045977012}, "fan_3_0dB": {"AUC": 0.9683981051975938}, "fan_1_0dB": {"AUC": 0.8637345645164828}}