{"valve_12_6dB": {"ROC-AUC": 0.4879721585603939, "PR-AUC": 0.18569661863651513}, "valve_14_6dB": {"ROC-AUC": 0.5902666666666666, "PR-AUC": 0.2433658366967879}, "valve_15_6dB": {"ROC-AUC": 0.6343245967741935, "PR-AUC": 0.2656046432288684}, "valve_13_6dB": {"ROC-AUC": 0.7363700564971751, "PR-AUC": 0.44811024950672473}, "pump_5_6dB": {"ROC-AUC": 0.3897921826208679, "PR-AUC": 0.25191682181095815}, "pump_7_6dB": {"ROC-AUC": 0.58115678703914, "PR-AUC": 0.17459370352731118}, "pump_6_6dB": {"ROC-AUC": 0.988034188034188, "PR-AUC": 0.9543376879787421}, "pump_4_6dB": {"ROC-AUC": 0.6954357769467113, "PR-AUC": 0.40931718493757424}, "fan_1_6dB": {"ROC-AUC": 0.9686300528589915, "PR-AUC": 0.9534552643118318}, "fan_3_6dB": {"ROC-AUC": 0.9868981079294312, "PR-AUC": 0.9353849188435138}, "fan_2_6dB": {"ROC-AUC": 0.932075870979239, "PR-AUC": 0.8499358398722119}, "fan_0_6dB": {"ROC-AUC": 0.7534531831561535, "PR-AUC": 0.6841158611270164}, "slider_8_6dB": {"ROC-AUC": 0.9953130917813408, "PR-AUC": 0.9913205452601488}, "slider_10_6dB": {"ROC-AUC": 0.9305853638008669, "PR-AUC": 0.8340626353024951}, "slider_11_6dB": {"ROC-AUC": 0.7376173042124311, "PR-AUC": 0.3860886426352402}, "slider_9_6dB": {"ROC-AUC": 0.8059378024660186, "PR-AUC": 0.7740316930665223}, "valve_12_min6dB": {"ROC-AUC": 0.5034886681945505, "PR-AUC": 0.1991777678137196}, "valve_14_min6dB": {"ROC-AUC": 0.5174333333333333, "PR-AUC": 0.19955485823779173}, "valve_15_min6dB": {"ROC-AUC": 0.499630376344086, "PR-AUC": 0.18882973917660217}, "valve_13_min6dB": {"ROC-AUC": 0.5601224105461394, "PR-AUC": 0.27952629209885116}, "pump_4_min6dB": {"ROC-AUC": 0.6516982023940273, "PR-AUC": 0.3260499733162015}, "pump_6_min6dB": {"ROC-AUC": 0.9405128205128206, "PR-AUC": 0.8169067304511786}, "pump_7_min6dB": {"ROC-AUC": 0.5450071920660156, "PR-AUC": 0.1832764895916989}, "pump_5_min6dB": {"ROC-AUC": 0.48094110046301286, "PR-AUC": 0.23226686770215377}, "fan_0_min6dB": {"ROC-AUC": 0.5410903252487411, "PR-AUC": 0.4949340382953925}, "fan_2_min6dB": {"ROC-AUC": 0.5465561792747038, "PR-AUC": 0.44591424939097524}, "fan_3_min6dB": {"ROC-AUC": 0.7980243352073737, "PR-AUC": 0.6919924268262911}, "fan_1_min6dB": {"ROC-AUC": 0.7111508345579365, "PR-AUC": 0.6358072576442166}, "slider_8_min6dB": {"ROC-AUC": 0.9418739216428901, "PR-AUC": 0.8673547771562998}, "slider_10_min6dB": {"ROC-AUC": 0.7254344990110676, "PR-AUC": 0.6231107981451607}, "slider_11_min6dB": {"ROC-AUC": 0.5384000336657829, "PR-AUC": 0.26042423989882074}, "slider_9_min6dB": {"ROC-AUC": 0.7275736789687048, "PR-AUC": 0.5229893213678416}, "valve_13_0dB": {"ROC-AUC": 0.6608050847457627, "PR-AUC": 0.35338450621166906}, "valve_15_0dB": {"ROC-AUC": 0.5692708333333333, "PR-AUC": 0.21530379473054134}, "valve_14_0dB": {"ROC-AUC": 0.6092666666666666, "PR-AUC": 0.2411666511502608}, "valve_12_0dB": {"ROC-AUC": 0.4790934555640437, "PR-AUC": 0.17790904903082655}, "slider_8_0dB": {"ROC-AUC": 0.9824464503640113, "PR-AUC": 0.9436490781785565}, "slider_10_0dB": {"ROC-AUC": 0.8725539704582754, "PR-AUC": 0.7598841636307576}, "slider_11_0dB": {"ROC-AUC": 0.5877624879013592, "PR-AUC": 0.29227985522962385}, "slider_9_0dB": {"ROC-AUC": 0.8050891441877428, "PR-AUC": 0.7284079977230913}, "pump_4_0dB": {"ROC-AUC": 0.6122982385407834, "PR-AUC": 0.3393796316912987}, "pump_6_0dB": {"ROC-AUC": 0.9693162393162393, "PR-AUC": 0.8957165248889262}, "pump_7_0dB": {"ROC-AUC": 0.5901468695586343, "PR-AUC": 0.18280818900484747}, "pump_5_0dB": {"ROC-AUC": 0.38465955995836476, "PR-AUC": 0.23897366381708698}, "fan_0_0dB": {"ROC-AUC": 0.5816332984649817, "PR-AUC": 0.4976570673205003}, "fan_2_0dB": {"ROC-AUC": 0.7808908045977012, "PR-AUC": 0.6578811351234588}, "fan_3_0dB": {"ROC-AUC": 0.9683981051975938, "PR-AUC": 0.9062904106647768}, "fan_1_0dB": {"ROC-AUC": 0.8637345645164828, "PR-AUC": 0.8410364003424388}}