{"valve_12_6dB": {"ROC-AUC": 0.44313725490196076, "PR-AUC": 0.17534981320858345}, "valve_14_6dB": {"ROC-AUC": 0.5706166666666668, "PR-AUC": 0.2449081545665402}, "valve_15_6dB": {"ROC-AUC": 0.5892137096774195, "PR-AUC": 0.21985854237956548}, "valve_13_6dB": {"ROC-AUC": 0.6651129943502825, "PR-AUC": 0.36462454147939694}, "pump_5_6dB": {"ROC-AUC": 0.3765119701374682, "PR-AUC": 0.23615466100387186}, "pump_7_6dB": {"ROC-AUC": 0.6914982209099857, "PR-AUC": 0.24822671545958566}, "pump_6_6dB": {"ROC-AUC": 0.8711111111111111, "PR-AUC": 0.6505172221414632}, "pump_4_6dB": {"ROC-AUC": 0.7909744331215505, "PR-AUC": 0.6360199715363892}, "fan_1_6dB": {"ROC-AUC": 0.9430285350821398, "PR-AUC": 0.92825821942001}, "fan_3_6dB": {"ROC-AUC": 0.9800248050834031, "PR-AUC": 0.9686836168249662}, "fan_2_6dB": {"ROC-AUC": 0.9177804508598414, "PR-AUC": 0.89261932739922}, "fan_0_6dB": {"ROC-AUC": 0.7802272119103802, "PR-AUC": 0.7392388615764447}, "slider_8_6dB": {"ROC-AUC": 0.9915467323149434, "PR-AUC": 0.9858050325776105}, "slider_10_6dB": {"ROC-AUC": 0.9679123006354416, "PR-AUC": 0.940843965152355}, "slider_11_6dB": {"ROC-AUC": 0.7121996380928334, "PR-AUC": 0.3608897758791506}, "slider_9_6dB": {"ROC-AUC": 0.7107162395320455, "PR-AUC": 0.655066695046205}, "valve_12_min6dB": {"ROC-AUC": 0.5161361514302691, "PR-AUC": 0.19249144300262916}, "valve_14_min6dB": {"ROC-AUC": 0.5366333333333333, "PR-AUC": 0.20391367152782466}, "valve_15_min6dB": {"ROC-AUC": 0.4986727150537634, "PR-AUC": 0.1868510049483869}, "valve_13_min6dB": {"ROC-AUC": 0.5257532956685499, "PR-AUC": 0.27195819151268397}, "pump_4_min6dB": {"ROC-AUC": 0.6891378998734864, "PR-AUC": 0.44569288713180666}, "pump_6_min6dB": {"ROC-AUC": 0.7619943019943021, "PR-AUC": 0.5126133799359112}, "pump_7_min6dB": {"ROC-AUC": 0.5453667953667953, "PR-AUC": 0.21862424074257872}, "pump_5_min6dB": {"ROC-AUC": 0.489662969742651, "PR-AUC": 0.2025662875745123}, "fan_0_min6dB": {"ROC-AUC": 0.5605128080375605, "PR-AUC": 0.5141568016486137}, "fan_2_min6dB": {"ROC-AUC": 0.557120422346966, "PR-AUC": 0.4552200119949409}, "fan_3_min6dB": {"ROC-AUC": 0.6907286903025237, "PR-AUC": 0.5639703051182323}, "fan_1_min6dB": {"ROC-AUC": 0.6399392450595486, "PR-AUC": 0.5473080745907433}, "slider_8_min6dB": {"ROC-AUC": 0.9312955014097545, "PR-AUC": 0.8394232232437738}, "slider_10_min6dB": {"ROC-AUC": 0.8142911248579725, "PR-AUC": 0.7203114049755134}, "slider_11_min6dB": {"ROC-AUC": 0.5273744897529773, "PR-AUC": 0.24707171180361293}, "slider_9_min6dB": {"ROC-AUC": 0.68715369832653, "PR-AUC": 0.49033905835871827}, "valve_13_0dB": {"ROC-AUC": 0.6265065913370998, "PR-AUC": 0.3472060453019474}, "valve_15_0dB": {"ROC-AUC": 0.5076444892473119, "PR-AUC": 0.1945331132762087}, "valve_14_0dB": {"ROC-AUC": 0.6043666666666667, "PR-AUC": 0.25717409455851353}, "valve_12_0dB": {"ROC-AUC": 0.4782276546982429, "PR-AUC": 0.18783587234135996}, "slider_8_0dB": {"ROC-AUC": 0.9782171863821908, "PR-AUC": 0.9436391320858368}, "slider_10_0dB": {"ROC-AUC": 0.9320372006901485, "PR-AUC": 0.8749486787594571}, "slider_11_0dB": {"ROC-AUC": 0.5639018642427303, "PR-AUC": 0.2718030087692316}, "slider_9_0dB": {"ROC-AUC": 0.7581043358722943, "PR-AUC": 0.6605783650576283}, "pump_4_0dB": {"ROC-AUC": 0.6718291648709145, "PR-AUC": 0.5156188719271667}, "pump_6_0dB": {"ROC-AUC": 0.7737321937321937, "PR-AUC": 0.5762260547592999}, "pump_7_0dB": {"ROC-AUC": 0.6474184268301916, "PR-AUC": 0.22306631039926636}, "pump_5_0dB": {"ROC-AUC": 0.41455798427909984, "PR-AUC": 0.24484896821190655}, "fan_0_0dB": {"ROC-AUC": 0.6177682633128178, "PR-AUC": 0.55611368950068}, "fan_2_0dB": {"ROC-AUC": 0.7830515459324601, "PR-AUC": 0.6874397623621318}, "fan_3_0dB": {"ROC-AUC": 0.8647248766575424, "PR-AUC": 0.8310893158599214}, "fan_1_0dB": {"ROC-AUC": 0.8559976312153181, "PR-AUC": 0.8198633363405057}}