{"valve_12_6dB": {"ROC-AUC": 0.4140565317035906, "PR-AUC": 0.16787308332326967}, "valve_14_6dB": {"ROC-AUC": 0.5431166666666667, "PR-AUC": 0.2200743100385445}, "valve_15_6dB": {"ROC-AUC": 0.6020329301075268, "PR-AUC": 0.2341489077386188}, "valve_13_6dB": {"ROC-AUC": 0.7043785310734463, "PR-AUC": 0.4019302591151716}, "pump_5_6dB": {"ROC-AUC": 0.4893578837801945, "PR-AUC": 0.3637479206387296}, "pump_7_6dB": {"ROC-AUC": 0.5791884321296086, "PR-AUC": 0.17257115404106982}, "pump_6_6dB": {"ROC-AUC": 0.8927635327635327, "PR-AUC": 0.7351042581919777}, "pump_4_6dB": {"ROC-AUC": 0.7209331424043155, "PR-AUC": 0.5095382519913684}, "fan_1_6dB": {"ROC-AUC": 0.9565064812580879, "PR-AUC": 0.9430783418725474}, "fan_3_6dB": {"ROC-AUC": 0.9788992880831789, "PR-AUC": 0.9660636865292953}, "fan_2_6dB": {"ROC-AUC": 0.9243350708366747, "PR-AUC": 0.8855682049629502}, "fan_0_6dB": {"ROC-AUC": 0.8055465005960055, "PR-AUC": 0.757264449666698}, "slider_8_6dB": {"ROC-AUC": 0.9909049783276522, "PR-AUC": 0.9838237899552065}, "slider_10_6dB": {"ROC-AUC": 0.9538147540293733, "PR-AUC": 0.9055140160030224}, "slider_11_6dB": {"ROC-AUC": 0.8007827294533519, "PR-AUC": 0.4627635907876395}, "slider_9_6dB": {"ROC-AUC": 0.5538231704751083, "PR-AUC": 0.42137785036220377}, "valve_12_min6dB": {"ROC-AUC": 0.4742721330956624, "PR-AUC": 0.1774724013546372}, "valve_14_min6dB": {"ROC-AUC": 0.47134999999999994, "PR-AUC": 0.18009759587377294}, "valve_15_min6dB": {"ROC-AUC": 0.5036626344086022, "PR-AUC": 0.19107417733467036}, "valve_13_min6dB": {"ROC-AUC": 0.5346516007532957, "PR-AUC": 0.2785799983470284}, "pump_4_min6dB": {"ROC-AUC": 0.6709115933768021, "PR-AUC": 0.4122359260378994}, "pump_6_min6dB": {"ROC-AUC": 0.7472649572649572, "PR-AUC": 0.47497851981488115}, "pump_7_min6dB": {"ROC-AUC": 0.5378340525399349, "PR-AUC": 0.19617001979484683}, "pump_5_min6dB": {"ROC-AUC": 0.5476472488424681, "PR-AUC": 0.26779416364467534}, "fan_0_min6dB": {"ROC-AUC": 0.5804607487775804, "PR-AUC": 0.5281846186599684}, "fan_2_min6dB": {"ROC-AUC": 0.5795074846297782, "PR-AUC": 0.47185062486953944}, "fan_3_min6dB": {"ROC-AUC": 0.6845383468012917, "PR-AUC": 0.5555332487706215}, "fan_1_min6dB": {"ROC-AUC": 0.6461902046366768, "PR-AUC": 0.5477431036591895}, "slider_8_min6dB": {"ROC-AUC": 0.9511530530656903, "PR-AUC": 0.870406713463265}, "slider_10_min6dB": {"ROC-AUC": 0.7767958591086984, "PR-AUC": 0.6930010565820589}, "slider_11_min6dB": {"ROC-AUC": 0.5360013466313176, "PR-AUC": 0.25109842377811553}, "slider_9_min6dB": {"ROC-AUC": 0.6222173126288768, "PR-AUC": 0.4349896428439254}, "valve_13_0dB": {"ROC-AUC": 0.6419491525423728, "PR-AUC": 0.3528509388621174}, "valve_15_0dB": {"ROC-AUC": 0.5311827956989247, "PR-AUC": 0.20561262799604663}, "valve_14_0dB": {"ROC-AUC": 0.5496000000000001, "PR-AUC": 0.2184137828394456}, "valve_12_0dB": {"ROC-AUC": 0.46339020456667523, "PR-AUC": 0.18158135851889934}, "slider_8_0dB": {"ROC-AUC": 0.9788852417624037, "PR-AUC": 0.9277088052839972}, "slider_10_0dB": {"ROC-AUC": 0.9082186592601944, "PR-AUC": 0.8465452126286892}, "slider_11_0dB": {"ROC-AUC": 0.6024071034802003, "PR-AUC": 0.3052894702760279}, "slider_9_0dB": {"ROC-AUC": 0.6530811205094755, "PR-AUC": 0.5484625209594524}, "pump_4_0dB": {"ROC-AUC": 0.6333606751101781, "PR-AUC": 0.44639501724189823}, "pump_6_0dB": {"ROC-AUC": 0.7689458689458689, "PR-AUC": 0.5927799349531604}, "pump_7_0dB": {"ROC-AUC": 0.590165796048149, "PR-AUC": 0.19084460834451294}, "pump_5_0dB": {"ROC-AUC": 0.5194357704317863, "PR-AUC": 0.33099095263466294}, "fan_0_0dB": {"ROC-AUC": 0.644080083684044, "PR-AUC": 0.564271498208926}, "fan_2_0dB": {"ROC-AUC": 0.795353292346075, "PR-AUC": 0.6829057123488584}, "fan_3_0dB": {"ROC-AUC": 0.860796494506275, "PR-AUC": 0.8279945288389055}, "fan_1_0dB": {"ROC-AUC": 0.870555787072577, "PR-AUC": 0.8362510960144426}}