{"valve_12_6dB": {"ROC-AUC": 0.5478652066887361, "PR-AUC": 0.21300494873605375}, "valve_14_6dB": {"ROC-AUC": 0.5795333333333333, "PR-AUC": 0.24481398690866646}, "valve_15_6dB": {"ROC-AUC": 0.5956149193548387, "PR-AUC": 0.22273297950459528}, "valve_13_6dB": {"ROC-AUC": 0.6934792843691149, "PR-AUC": 0.3820889251793048}, "pump_5_6dB": {"ROC-AUC": 0.39596568680234023, "PR-AUC": 0.2547263501897806}, "pump_7_6dB": {"ROC-AUC": 0.5318532818532818, "PR-AUC": 0.15676285759957015}, "pump_6_6dB": {"ROC-AUC": 0.8564102564102565, "PR-AUC": 0.6566368669007703}, "pump_4_6dB": {"ROC-AUC": 0.7203631358700943, "PR-AUC": 0.5412980105449562}, "fan_1_6dB": {"ROC-AUC": 0.961194700940934, "PR-AUC": 0.9441977924443268}, "fan_3_6dB": {"ROC-AUC": 0.9731023291645495, "PR-AUC": 0.9563464371698649}, "fan_2_6dB": {"ROC-AUC": 0.935211173483026, "PR-AUC": 0.8930370372985301}, "fan_0_6dB": {"ROC-AUC": 0.7872673753861871, "PR-AUC": 0.7373106815098927}, "slider_8_6dB": {"ROC-AUC": 0.9942347346715482, "PR-AUC": 0.9893557274500031}, "slider_10_6dB": {"ROC-AUC": 0.9573286201237218, "PR-AUC": 0.9192831407096025}, "slider_11_6dB": {"ROC-AUC": 0.7951016285822498, "PR-AUC": 0.4434986473013949}, "slider_9_6dB": {"ROC-AUC": 0.7365091388573273, "PR-AUC": 0.7410770652111268}, "valve_12_min6dB": {"ROC-AUC": 0.5058653764536117, "PR-AUC": 0.19020122555492164}, "valve_14_min6dB": {"ROC-AUC": 0.5275, "PR-AUC": 0.20844518320089162}, "valve_15_min6dB": {"ROC-AUC": 0.4966565860215053, "PR-AUC": 0.18977976902845634}, "valve_13_min6dB": {"ROC-AUC": 0.5386534839924669, "PR-AUC": 0.27583517517461875}, "pump_4_min6dB": {"ROC-AUC": 0.6567448456116449, "PR-AUC": 0.3353719818363668}, "pump_6_min6dB": {"ROC-AUC": 0.7461253561253562, "PR-AUC": 0.4963311384129408}, "pump_7_min6dB": {"ROC-AUC": 0.49928079339844045, "PR-AUC": 0.16775918040441534}, "pump_5_min6dB": {"ROC-AUC": 0.5609633537920391, "PR-AUC": 0.24611917710462722}, "fan_0_min6dB": {"ROC-AUC": 0.5606003843627605, "PR-AUC": 0.5104735950796502}, "fan_2_min6dB": {"ROC-AUC": 0.5611913035730197, "PR-AUC": 0.45590717041625817}, "fan_3_min6dB": {"ROC-AUC": 0.67995432367902, "PR-AUC": 0.5481473347301009}, "fan_1_min6dB": {"ROC-AUC": 0.6312975676090629, "PR-AUC": 0.5312847677106538}, "slider_8_min6dB": {"ROC-AUC": 0.9366504650086269, "PR-AUC": 0.8437877862697536}, "slider_10_min6dB": {"ROC-AUC": 0.7828136178091992, "PR-AUC": 0.6817931586049382}, "slider_11_min6dB": {"ROC-AUC": 0.5423136809325422, "PR-AUC": 0.2519807771308161}, "slider_9_min6dB": {"ROC-AUC": 0.7066658250220932, "PR-AUC": 0.5037782855287049}, "valve_13_0dB": {"ROC-AUC": 0.6539077212806026, "PR-AUC": 0.36411172401119796}, "valve_15_0dB": {"ROC-AUC": 0.5173051075268817, "PR-AUC": 0.19317641032232374}, "valve_14_0dB": {"ROC-AUC": 0.5926499999999999, "PR-AUC": 0.2504656368109619}, "valve_12_0dB": {"ROC-AUC": 0.49992360580595874, "PR-AUC": 0.19303150902203986}, "slider_8_0dB": {"ROC-AUC": 0.9776332954593275, "PR-AUC": 0.9265477031529603}, "slider_10_0dB": {"ROC-AUC": 0.9151832681058789, "PR-AUC": 0.8509957383107446}, "slider_11_0dB": {"ROC-AUC": 0.598240962841392, "PR-AUC": 0.2973736085550128}, "slider_9_0dB": {"ROC-AUC": 0.7712480186283999, "PR-AUC": 0.6769554012633848}, "pump_4_0dB": {"ROC-AUC": 0.6200558884455505, "PR-AUC": 0.35255743035837805}, "pump_6_0dB": {"ROC-AUC": 0.7575213675213676, "PR-AUC": 0.5538117231166961}, "pump_7_0dB": {"ROC-AUC": 0.5449504125974713, "PR-AUC": 0.1654058019113286}, "pump_5_0dB": {"ROC-AUC": 0.46277951258030936, "PR-AUC": 0.2672400346663443}, "fan_0_0dB": {"ROC-AUC": 0.6142700756562143, "PR-AUC": 0.5355907490282344}, "fan_2_0dB": {"ROC-AUC": 0.7804063084736702, "PR-AUC": 0.6602242736422478}, "fan_3_0dB": {"ROC-AUC": 0.8586601976757529, "PR-AUC": 0.8164135252612565}, "fan_1_0dB": {"ROC-AUC": 0.8195611168381112, "PR-AUC": 0.7855185751907086}}