{"valve_12_6dB": {"ROC-AUC": 0.39752143281555047, "PR-AUC": 0.1598946566637871}, "valve_14_6dB": {"ROC-AUC": 0.5435833333333333, "PR-AUC": 0.2206162831341998}, "valve_15_6dB": {"ROC-AUC": 0.668934811827957, "PR-AUC": 0.3167418518795878}, "valve_13_6dB": {"ROC-AUC": 0.7393596986817326, "PR-AUC": 0.4548308805613931}, "pump_5_6dB": {"ROC-AUC": 0.4893578837801945, "PR-AUC": 0.3637479206387296}, "pump_7_6dB": {"ROC-AUC": 0.6922552804905746, "PR-AUC": 0.25715166608492673}, "pump_6_6dB": {"ROC-AUC": 0.9953846153846153, "PR-AUC": 0.9847208197627986}, "pump_4_6dB": {"ROC-AUC": 0.7308317924620111, "PR-AUC": 0.515265331972439}, "fan_1_6dB": {"ROC-AUC": 0.9566983966837015, "PR-AUC": 0.9436649877000423}, "fan_3_6dB": {"ROC-AUC": 0.9991312757134193, "PR-AUC": 0.9987474149427391}, "fan_2_6dB": {"ROC-AUC": 0.9268188095874543, "PR-AUC": 0.8981933461521968}, "fan_0_6dB": {"ROC-AUC": 0.8044809886394044, "PR-AUC": 0.7544415340015679}, "slider_8_6dB": {"ROC-AUC": 0.9902158818331019, "PR-AUC": 0.9825023257770666}, "slider_10_6dB": {"ROC-AUC": 0.9450195682363338, "PR-AUC": 0.8871180331412607}, "slider_11_6dB": {"ROC-AUC": 0.8007827294533519, "PR-AUC": 0.4627635907876395}, "slider_9_6dB": {"ROC-AUC": 0.4268119906296904, "PR-AUC": 0.2898615167505854}, "valve_12_min6dB": {"ROC-AUC": 0.4761734997029115, "PR-AUC": 0.18753609280522507}, "valve_14_min6dB": {"ROC-AUC": 0.44938333333333336, "PR-AUC": 0.1718817004220351}, "valve_15_min6dB": {"ROC-AUC": 0.5254704301075269, "PR-AUC": 0.20009096835203566}, "valve_13_min6dB": {"ROC-AUC": 0.5647598870056497, "PR-AUC": 0.279568567808788}, "pump_4_min6dB": {"ROC-AUC": 0.6680337555089046, "PR-AUC": 0.4036404452373678}, "pump_6_min6dB": {"ROC-AUC": 0.9404273504273504, "PR-AUC": 0.8020070943924931}, "pump_7_min6dB": {"ROC-AUC": 0.5887273828450299, "PR-AUC": 0.22684208826445715}, "pump_5_min6dB": {"ROC-AUC": 0.5470909156168121, "PR-AUC": 0.2678600319789368}, "fan_0_min6dB": {"ROC-AUC": 0.5808694382951809, "PR-AUC": 0.5304880819215123}, "fan_2_min6dB": {"ROC-AUC": 0.5795631738394369, "PR-AUC": 0.47344125120717323}, "fan_3_min6dB": {"ROC-AUC": 0.9060302578308119, "PR-AUC": 0.8289470061121295}, "fan_1_min6dB": {"ROC-AUC": 0.7241078674357906, "PR-AUC": 0.6467829451875866}, "slider_8_min6dB": {"ROC-AUC": 0.9428049909523207, "PR-AUC": 0.8588192885217193}, "slider_10_min6dB": {"ROC-AUC": 0.7203846315700879, "PR-AUC": 0.6283393828488759}, "slider_11_min6dB": {"ROC-AUC": 0.5435761477927872, "PR-AUC": 0.2571249050405023}, "slider_9_min6dB": {"ROC-AUC": 0.5521398813281151, "PR-AUC": 0.37721176059620054}, "valve_13_0dB": {"ROC-AUC": 0.6759651600753295, "PR-AUC": 0.3691816708230787}, "valve_15_0dB": {"ROC-AUC": 0.5817540322580644, "PR-AUC": 0.23859540525538966}, "valve_14_0dB": {"ROC-AUC": 0.5492, "PR-AUC": 0.21715632896675607}, "valve_12_0dB": {"ROC-AUC": 0.45408708938120707, "PR-AUC": 0.1783645735389754}, "slider_8_0dB": {"ROC-AUC": 0.975871102133569, "PR-AUC": 0.9228275005393003}, "slider_10_0dB": {"ROC-AUC": 0.8778563312713041, "PR-AUC": 0.7885024802755123}, "slider_11_0dB": {"ROC-AUC": 0.6097294112696208, "PR-AUC": 0.3095617682306712}, "slider_9_0dB": {"ROC-AUC": 0.5432815721920633, "PR-AUC": 0.4123388936622354}, "pump_4_0dB": {"ROC-AUC": 0.6459147214614411, "PR-AUC": 0.46213792667808373}, "pump_6_0dB": {"ROC-AUC": 0.9829059829059829, "PR-AUC": 0.9375229774795388}, "pump_7_0dB": {"ROC-AUC": 0.6996366114013173, "PR-AUC": 0.25944194001497145}, "pump_5_0dB": {"ROC-AUC": 0.5194357704317863, "PR-AUC": 0.33099095263466294}, "fan_0_0dB": {"ROC-AUC": 0.6445471574184447, "PR-AUC": 0.5622501616834388}, "fan_2_0dB": {"ROC-AUC": 0.8052771095072618, "PR-AUC": 0.6983733365009455}, "fan_3_0dB": {"ROC-AUC": 0.9939025389696602, "PR-AUC": 0.9911250264892766}, "fan_1_0dB": {"ROC-AUC": 0.8882449060162744, "PR-AUC": 0.8745048217488444}}