{"valve_12_6dB": {"ROC-AUC": 0.5372039724980902, "PR-AUC": 0.2052037755688096}, "valve_14_6dB": {"ROC-AUC": 0.5801833333333333, "PR-AUC": 0.24565189317028446}, "valve_15_6dB": {"ROC-AUC": 0.6589213709677418, "PR-AUC": 0.29004036377711645}, "valve_13_6dB": {"ROC-AUC": 0.7260357815442562, "PR-AUC": 0.4253083170289722}, "pump_5_6dB": {"ROC-AUC": 0.39596568680234023, "PR-AUC": 0.2547263501897806}, "pump_7_6dB": {"ROC-AUC": 0.568362480127186, "PR-AUC": 0.16845068431057492}, "pump_6_6dB": {"ROC-AUC": 0.9833618233618233, "PR-AUC": 0.958539700187156}, "pump_4_6dB": {"ROC-AUC": 0.7681741717527005, "PR-AUC": 0.5815760995913271}, "fan_1_6dB": {"ROC-AUC": 0.9637554010484065, "PR-AUC": 0.9521710773876515}, "fan_3_6dB": {"ROC-AUC": 0.99822430570353, "PR-AUC": 0.9972514082129125}, "fan_2_6dB": {"ROC-AUC": 0.9353225519023434, "PR-AUC": 0.8936833585105539}, "fan_0_6dB": {"ROC-AUC": 0.7854477339625854, "PR-AUC": 0.7332341971235106}, "slider_8_6dB": {"ROC-AUC": 0.9945082691579346, "PR-AUC": 0.9899091420068429}, "slider_10_6dB": {"ROC-AUC": 0.9481967765012835, "PR-AUC": 0.894890601594782}, "slider_11_6dB": {"ROC-AUC": 0.7951016285822498, "PR-AUC": 0.4434986473013949}, "slider_9_6dB": {"ROC-AUC": 0.3752051508647898, "PR-AUC": 0.2636002483635024}, "valve_12_min6dB": {"ROC-AUC": 0.5108225108225108, "PR-AUC": 0.19949658810605939}, "valve_14_min6dB": {"ROC-AUC": 0.50705, "PR-AUC": 0.19862789589078422}, "valve_15_min6dB": {"ROC-AUC": 0.5283434139784946, "PR-AUC": 0.20169148809158854}, "valve_13_min6dB": {"ROC-AUC": 0.5680320150659134, "PR-AUC": 0.2780071713851825}, "pump_4_min6dB": {"ROC-AUC": 0.6802541394986723, "PR-AUC": 0.36475029550408883}, "pump_6_min6dB": {"ROC-AUC": 0.9248717948717948, "PR-AUC": 0.787535771873823}, "pump_7_min6dB": {"ROC-AUC": 0.5462941933530169, "PR-AUC": 0.18091518208741647}, "pump_5_min6dB": {"ROC-AUC": 0.5602275582355264, "PR-AUC": 0.24627743156753437}, "fan_0_min6dB": {"ROC-AUC": 0.55995329262656, "PR-AUC": 0.5076643665120623}, "fan_2_min6dB": {"ROC-AUC": 0.5585070836674686, "PR-AUC": 0.4524996817260833}, "fan_3_min6dB": {"ROC-AUC": 0.8036847022570439, "PR-AUC": 0.6866667595973521}, "fan_1_min6dB": {"ROC-AUC": 0.7041431798741036, "PR-AUC": 0.617199199279661}, "slider_8_min6dB": {"ROC-AUC": 0.9261719900685941, "PR-AUC": 0.8248042270516565}, "slider_10_min6dB": {"ROC-AUC": 0.7226781130328661, "PR-AUC": 0.6191956421658189}, "slider_11_min6dB": {"ROC-AUC": 0.5502251399234104, "PR-AUC": 0.25859657495274757}, "slider_9_min6dB": {"ROC-AUC": 0.529127915947762, "PR-AUC": 0.36478550705922375}, "valve_13_0dB": {"ROC-AUC": 0.6833804143126176, "PR-AUC": 0.3778510051358346}, "valve_15_0dB": {"ROC-AUC": 0.5726814516129032, "PR-AUC": 0.22318732448340745}, "valve_14_0dB": {"ROC-AUC": 0.5929, "PR-AUC": 0.24821875898412923}, "valve_12_0dB": {"ROC-AUC": 0.4933876580935404, "PR-AUC": 0.19044512055937007}, "slider_8_0dB": {"ROC-AUC": 0.976139376341371, "PR-AUC": 0.92464203730705}, "slider_10_0dB": {"ROC-AUC": 0.8774775912132307, "PR-AUC": 0.778766126223243}, "slider_11_0dB": {"ROC-AUC": 0.6055211884021379, "PR-AUC": 0.30103652977039264}, "slider_9_0dB": {"ROC-AUC": 0.49708931251665756, "PR-AUC": 0.3670251074391714}, "pump_4_0dB": {"ROC-AUC": 0.6528521180608655, "PR-AUC": 0.3888368917967612}, "pump_6_0dB": {"ROC-AUC": 0.9692592592592593, "PR-AUC": 0.906969256855521}, "pump_7_0dB": {"ROC-AUC": 0.5835415247179953, "PR-AUC": 0.17734926239914978}, "pump_5_0dB": {"ROC-AUC": 0.46277951258030936, "PR-AUC": 0.2672400346663443}, "fan_0_0dB": {"ROC-AUC": 0.6136327146228137, "PR-AUC": 0.5315972868336959}, "fan_2_0dB": {"ROC-AUC": 0.7821883631827496, "PR-AUC": 0.6605477045715755}, "fan_3_0dB": {"ROC-AUC": 0.9830844629480896, "PR-AUC": 0.9683248317718528}, "fan_1_0dB": {"ROC-AUC": 0.8797457943105301, "PR-AUC": 0.8682468792819759}}