{"valve_12_6dB": {"ROC-AUC": 0.42548170783464895, "PR-AUC": 0.16777389943978271}, "valve_14_6dB": {"ROC-AUC": 0.5707333333333334, "PR-AUC": 0.2448580703482901}, "valve_15_6dB": {"ROC-AUC": 0.6515456989247312, "PR-AUC": 0.2848469941893848}, "valve_13_6dB": {"ROC-AUC": 0.6956214689265536, "PR-AUC": 0.402625351770591}, "pump_5_6dB": {"ROC-AUC": 0.3765119701374682, "PR-AUC": 0.23615466100387186}, "pump_7_6dB": {"ROC-AUC": 0.719187675070028, "PR-AUC": 0.3153338776119192}, "pump_6_6dB": {"ROC-AUC": 0.9896296296296296, "PR-AUC": 0.9683447505245336}, "pump_4_6dB": {"ROC-AUC": 0.7909883357199461, "PR-AUC": 0.6749171693289255}, "fan_1_6dB": {"ROC-AUC": 0.9430285350821398, "PR-AUC": 0.92825821942001}, "fan_3_6dB": {"ROC-AUC": 0.9990602479415606, "PR-AUC": 0.9986407636894208}, "fan_2_6dB": {"ROC-AUC": 0.9151073687962221, "PR-AUC": 0.8767571462276937}, "fan_0_6dB": {"ROC-AUC": 0.7781886296737781, "PR-AUC": 0.7349441992321855}, "slider_8_6dB": {"ROC-AUC": 0.992135883516391, "PR-AUC": 0.9868957422172228}, "slider_10_6dB": {"ROC-AUC": 0.9620839119639776, "PR-AUC": 0.9263507004342282}, "slider_11_6dB": {"ROC-AUC": 0.7121996380928334, "PR-AUC": 0.3608897758791506}, "slider_9_6dB": {"ROC-AUC": 0.42751336110760424, "PR-AUC": 0.29694391743286275}, "valve_12_min6dB": {"ROC-AUC": 0.5197691197691198, "PR-AUC": 0.20726245309618443}, "valve_14_min6dB": {"ROC-AUC": 0.5262833333333333, "PR-AUC": 0.1979044006042894}, "valve_15_min6dB": {"ROC-AUC": 0.5271673387096774, "PR-AUC": 0.19707169358401685}, "valve_13_min6dB": {"ROC-AUC": 0.5615583804143126, "PR-AUC": 0.2749993529400432}, "pump_4_min6dB": {"ROC-AUC": 0.7002599785899984, "PR-AUC": 0.4583261032138124}, "pump_6_min6dB": {"ROC-AUC": 0.9391452991452992, "PR-AUC": 0.8102708076885159}, "pump_7_min6dB": {"ROC-AUC": 0.5896737073207661, "PR-AUC": 0.22805769123832076}, "pump_5_min6dB": {"ROC-AUC": 0.4890886902839094, "PR-AUC": 0.20387615483858956}, "fan_0_min6dB": {"ROC-AUC": 0.5593207969445593, "PR-AUC": 0.5170654556048215}, "fan_2_min6dB": {"ROC-AUC": 0.5529548694644926, "PR-AUC": 0.44746044486937114}, "fan_3_min6dB": {"ROC-AUC": 0.8839187660836925, "PR-AUC": 0.8161405452434529}, "fan_1_min6dB": {"ROC-AUC": 0.7063310157260982, "PR-AUC": 0.6302595243373147}, "slider_8_min6dB": {"ROC-AUC": 0.9275238816647728, "PR-AUC": 0.8314480374883116}, "slider_10_min6dB": {"ROC-AUC": 0.7745234187602574, "PR-AUC": 0.6694174595065638}, "slider_11_min6dB": {"ROC-AUC": 0.5412616252156714, "PR-AUC": 0.25555970415651924}, "slider_9_min6dB": {"ROC-AUC": 0.5480438777370983, "PR-AUC": 0.386325981611013}, "valve_13_0dB": {"ROC-AUC": 0.6605696798493408, "PR-AUC": 0.35611644759277683}, "valve_15_0dB": {"ROC-AUC": 0.5620127688172043, "PR-AUC": 0.22001195147763278}, "valve_14_0dB": {"ROC-AUC": 0.60535, "PR-AUC": 0.25424280786014464}, "valve_12_0dB": {"ROC-AUC": 0.46765130294542057, "PR-AUC": 0.1832766364870423}, "slider_8_0dB": {"ROC-AUC": 0.9773702815301099, "PR-AUC": 0.9427120927928938}, "slider_10_0dB": {"ROC-AUC": 0.9163194882800992, "PR-AUC": 0.8387476770692148}, "slider_11_0dB": {"ROC-AUC": 0.5723183099776965, "PR-AUC": 0.27653071218966596}, "slider_9_0dB": {"ROC-AUC": 0.5455049166070501, "PR-AUC": 0.4516809686637008}, "pump_4_0dB": {"ROC-AUC": 0.6918071987654493, "PR-AUC": 0.5474145285857256}, "pump_6_0dB": {"ROC-AUC": 0.9753846153846153, "PR-AUC": 0.903785684027657}, "pump_7_0dB": {"ROC-AUC": 0.6995230524642289, "PR-AUC": 0.24554755045431895}, "pump_5_0dB": {"ROC-AUC": 0.41455798427909984, "PR-AUC": 0.24484896821190655}, "fan_0_0dB": {"ROC-AUC": 0.6161870241078162, "PR-AUC": 0.549723673941762}, "fan_2_0dB": {"ROC-AUC": 0.7685946271050521, "PR-AUC": 0.6497338874049695}, "fan_3_0dB": {"ROC-AUC": 0.9924492014839341, "PR-AUC": 0.9886148605566578}, "fan_1_0dB": {"ROC-AUC": 0.8750246748404361, "PR-AUC": 0.8629741577500327}}