{"valve_12_6dB": {"ROC-AUC": 0.39752143281555047, "PR-AUC": 0.1598946566637871}, "valve_14_6dB": {"ROC-AUC": 0.5395666666666666, "PR-AUC": 0.21641011587583803}, "valve_15_6dB": {"ROC-AUC": 0.6589717741935484, "PR-AUC": 0.29915272562139517}, "valve_13_6dB": {"ROC-AUC": 0.7309557438794727, "PR-AUC": 0.4469920805426703}, "pump_5_6dB": {"ROC-AUC": 0.49120634578801914, "PR-AUC": 0.35472305387728253}, "pump_7_6dB": {"ROC-AUC": 0.6870883488530547, "PR-AUC": 0.25300899127498233}, "pump_6_6dB": {"ROC-AUC": 0.9864102564102564, "PR-AUC": 0.930961430128452}, "pump_4_6dB": {"ROC-AUC": 0.7274534610518707, "PR-AUC": 0.45682335658635215}, "fan_1_6dB": {"ROC-AUC": 0.9544228280657119, "PR-AUC": 0.9366460836980353}, "fan_3_6dB": {"ROC-AUC": 0.9904112507990623, "PR-AUC": 0.9708045039008683}, "fan_2_6dB": {"ROC-AUC": 0.9197184353559655, "PR-AUC": 0.8506077449255132}, "fan_0_6dB": {"ROC-AUC": 0.7995475223197995, "PR-AUC": 0.7457279953999311}, "slider_8_6dB": {"ROC-AUC": 0.9892322097378277, "PR-AUC": 0.9809838637500503}, "slider_10_6dB": {"ROC-AUC": 0.931553255060388, "PR-AUC": 0.8269636893952791}, "slider_11_6dB": {"ROC-AUC": 0.7916929680595884, "PR-AUC": 0.4417870149510336}, "slider_9_6dB": {"ROC-AUC": 0.5749484492698733, "PR-AUC": 0.42896955922377644}, "valve_12_min6dB": {"ROC-AUC": 0.47619047619047616, "PR-AUC": 0.1872253313288156}, "valve_14_min6dB": {"ROC-AUC": 0.44831666666666664, "PR-AUC": 0.17155424719449625}, "valve_15_min6dB": {"ROC-AUC": 0.4976310483870968, "PR-AUC": 0.18910238836966944}, "valve_13_min6dB": {"ROC-AUC": 0.5439736346516006, "PR-AUC": 0.26973847040026533}, "pump_4_min6dB": {"ROC-AUC": 0.6681310736976742, "PR-AUC": 0.4036666512000004}, "pump_6_min6dB": {"ROC-AUC": 0.9360683760683761, "PR-AUC": 0.7875124047089682}, "pump_7_min6dB": {"ROC-AUC": 0.5881974411386176, "PR-AUC": 0.21915817651741082}, "pump_5_min6dB": {"ROC-AUC": 0.5456731632030437, "PR-AUC": 0.2670943864323564}, "fan_0_min6dB": {"ROC-AUC": 0.5804023645607803, "PR-AUC": 0.5299943599728385}, "fan_2_min6dB": {"ROC-AUC": 0.5788002316671121, "PR-AUC": 0.4730932004617354}, "fan_3_min6dB": {"ROC-AUC": 0.8996377583635202, "PR-AUC": 0.8192777850349112}, "fan_1_min6dB": {"ROC-AUC": 0.7205930734981247, "PR-AUC": 0.6424263646296452}, "slider_8_min6dB": {"ROC-AUC": 0.9398381938307453, "PR-AUC": 0.8525453208545599}, "slider_10_min6dB": {"ROC-AUC": 0.7174388755628498, "PR-AUC": 0.6238986648992768}, "slider_11_min6dB": {"ROC-AUC": 0.5367167445187898, "PR-AUC": 0.2542730960623074}, "slider_9_min6dB": {"ROC-AUC": 0.6243459720293454, "PR-AUC": 0.43692531325973405}, "valve_13_0dB": {"ROC-AUC": 0.6554143126177024, "PR-AUC": 0.3531231161944594}, "valve_15_0dB": {"ROC-AUC": 0.5760752688172043, "PR-AUC": 0.23546746078999195}, "valve_14_0dB": {"ROC-AUC": 0.5458166666666667, "PR-AUC": 0.21517473968574088}, "valve_12_0dB": {"ROC-AUC": 0.45174433409727527, "PR-AUC": 0.17786745006669025}, "slider_8_0dB": {"ROC-AUC": 0.9759973488195934, "PR-AUC": 0.9231517939993513}, "slider_10_0dB": {"ROC-AUC": 0.8759836720952742, "PR-AUC": 0.7880119385495212}, "slider_11_0dB": {"ROC-AUC": 0.6065732441190086, "PR-AUC": 0.3072494972083538}, "slider_9_0dB": {"ROC-AUC": 0.6736803714458052, "PR-AUC": 0.5606497646444455}, "pump_4_0dB": {"ROC-AUC": 0.64371811091493, "PR-AUC": 0.45481411950026396}, "pump_6_0dB": {"ROC-AUC": 0.967008547008547, "PR-AUC": 0.8891709829201448}, "pump_7_0dB": {"ROC-AUC": 0.7001097736391854, "PR-AUC": 0.25739926494183557}, "pump_5_0dB": {"ROC-AUC": 0.5168874053336204, "PR-AUC": 0.3281257767905587}, "fan_0_0dB": {"ROC-AUC": 0.6411219500328411, "PR-AUC": 0.555917972504528}, "fan_2_0dB": {"ROC-AUC": 0.801306468858594, "PR-AUC": 0.6890290887924486}, "fan_3_0dB": {"ROC-AUC": 0.9851114862834446, "PR-AUC": 0.9687901918789192}, "fan_1_0dB": {"ROC-AUC": 0.8840008334612769, "PR-AUC": 0.8588718907246827}}