{"valve_12_6dB": {"ROC-AUC": 0.5372039724980902, "PR-AUC": 0.2052037755688096}, "valve_14_6dB": {"ROC-AUC": 0.5755833333333333, "PR-AUC": 0.23973244886725853}, "valve_15_6dB": {"ROC-AUC": 0.6493111559139784, "PR-AUC": 0.276901087328251}, "valve_13_6dB": {"ROC-AUC": 0.7178672316384181, "PR-AUC": 0.41985108982037705}, "pump_5_6dB": {"ROC-AUC": 0.40118804063027175, "PR-AUC": 0.260520815727371}, "pump_7_6dB": {"ROC-AUC": 0.5645014762661822, "PR-AUC": 0.16682205530289496}, "pump_6_6dB": {"ROC-AUC": 0.9736182336182335, "PR-AUC": 0.9007522554320181}, "pump_4_6dB": {"ROC-AUC": 0.7637670480612827, "PR-AUC": 0.5266120704163918}, "fan_1_6dB": {"ROC-AUC": 0.961830763494396, "PR-AUC": 0.9472659170290052}, "fan_3_6dB": {"ROC-AUC": 0.9875756035994689, "PR-AUC": 0.9370386350787719}, "fan_2_6dB": {"ROC-AUC": 0.9283168493272743, "PR-AUC": 0.8575434921963544}, "fan_0_6dB": {"ROC-AUC": 0.7805629211569804, "PR-AUC": 0.7258798939294754}, "slider_8_6dB": {"ROC-AUC": 0.9943452005218196, "PR-AUC": 0.9897119223981328}, "slider_10_6dB": {"ROC-AUC": 0.934435887724614, "PR-AUC": 0.8321566714245965}, "slider_11_6dB": {"ROC-AUC": 0.786601018389934, "PR-AUC": 0.4266805128365745}, "slider_9_6dB": {"ROC-AUC": 0.8080489276045393, "PR-AUC": 0.7705092801567106}, "valve_12_min6dB": {"ROC-AUC": 0.5113148289618877, "PR-AUC": 0.19905363659997877}, "valve_14_min6dB": {"ROC-AUC": 0.5054333333333333, "PR-AUC": 0.19809423443737043}, "valve_15_min6dB": {"ROC-AUC": 0.4967237903225806, "PR-AUC": 0.1880312489129808}, "valve_13_min6dB": {"ROC-AUC": 0.5506120527306968, "PR-AUC": 0.2687251836666269}, "pump_4_min6dB": {"ROC-AUC": 0.6798648667435944, "PR-AUC": 0.3644139920053644}, "pump_6_min6dB": {"ROC-AUC": 0.9207692307692308, "PR-AUC": 0.7712191523901096}, "pump_7_min6dB": {"ROC-AUC": 0.5458021046256339, "PR-AUC": 0.18083863788320612}, "pump_5_min6dB": {"ROC-AUC": 0.5585406123254729, "PR-AUC": 0.24522717757693546}, "fan_0_min6dB": {"ROC-AUC": 0.5602500790619603, "PR-AUC": 0.509125685154913}, "fan_2_min6dB": {"ROC-AUC": 0.5579223469660519, "PR-AUC": 0.4520251621495144}, "fan_3_min6dB": {"ROC-AUC": 0.7993957175717245, "PR-AUC": 0.6782907997424319}, "fan_1_min6dB": {"ROC-AUC": 0.7017085956177482, "PR-AUC": 0.6149178964017379}, "slider_8_min6dB": {"ROC-AUC": 0.9241573033707865, "PR-AUC": 0.8210335387008951}, "slider_10_min6dB": {"ROC-AUC": 0.7196902747969532, "PR-AUC": 0.6159912229874555}, "slider_11_min6dB": {"ROC-AUC": 0.543365736649413, "PR-AUC": 0.2559463674928172}, "slider_9_min6dB": {"ROC-AUC": 0.7136374475725569, "PR-AUC": 0.5099863536196731}, "valve_13_0dB": {"ROC-AUC": 0.660710922787194, "PR-AUC": 0.3569290853388951}, "valve_15_0dB": {"ROC-AUC": 0.5662970430107527, "PR-AUC": 0.21935074773357638}, "valve_14_0dB": {"ROC-AUC": 0.58895, "PR-AUC": 0.2454482020756145}, "valve_12_0dB": {"ROC-AUC": 0.490535608182667, "PR-AUC": 0.18968384645710368}, "slider_8_0dB": {"ROC-AUC": 0.9762919244203173, "PR-AUC": 0.9251140092029885}, "slider_10_0dB": {"ROC-AUC": 0.8735639439464714, "PR-AUC": 0.774658296715338}, "slider_11_0dB": {"ROC-AUC": 0.6021966923368262, "PR-AUC": 0.29931450395654835}, "slider_9_0dB": {"ROC-AUC": 0.791721022878705, "PR-AUC": 0.6956205439563785}, "pump_4_0dB": {"ROC-AUC": 0.6500437931849463, "PR-AUC": 0.38384489354133466}, "pump_6_0dB": {"ROC-AUC": 0.9533333333333334, "PR-AUC": 0.8546370052334165}, "pump_7_0dB": {"ROC-AUC": 0.5855098796275267, "PR-AUC": 0.17905049077587204}, "pump_5_0dB": {"ROC-AUC": 0.45987222282042994, "PR-AUC": 0.26485716916032254}, "fan_0_0dB": {"ROC-AUC": 0.6106502542146107, "PR-AUC": 0.5261647567944495}, "fan_2_0dB": {"ROC-AUC": 0.7787022186581128, "PR-AUC": 0.6540482821805744}, "fan_3_0dB": {"ROC-AUC": 0.971479617761314, "PR-AUC": 0.9131284224901145}, "fan_1_0dB": {"ROC-AUC": 0.8771521944158095, "PR-AUC": 0.860015204588551}}