{"valve_12_6dB": {"ROC-AUC": 0.42548170783464895, "PR-AUC": 0.16777389943978271}, "valve_14_6dB": {"ROC-AUC": 0.56695, "PR-AUC": 0.2395630544842896}, "valve_15_6dB": {"ROC-AUC": 0.6409778225806452, "PR-AUC": 0.27097688655744906}, "valve_13_6dB": {"ROC-AUC": 0.6882297551789077, "PR-AUC": 0.39796462027530266}, "pump_5_6dB": {"ROC-AUC": 0.3830264527475683, "PR-AUC": 0.2431978832061418}, "pump_7_6dB": {"ROC-AUC": 0.7140775229010523, "PR-AUC": 0.3006776274867046}, "pump_6_6dB": {"ROC-AUC": 0.9809116809116809, "PR-AUC": 0.917526121153365}, "pump_4_6dB": {"ROC-AUC": 0.7856636405344161, "PR-AUC": 0.5951167703549229}, "fan_1_6dB": {"ROC-AUC": 0.940890048911017, "PR-AUC": 0.9205329462497971}, "fan_3_6dB": {"ROC-AUC": 0.9909630819496577, "PR-AUC": 0.9757549495876412}, "fan_2_6dB": {"ROC-AUC": 0.9082019067985387, "PR-AUC": 0.8312639832442796}, "fan_0_6dB": {"ROC-AUC": 0.7732357019485733, "PR-AUC": 0.7273506540410951}, "slider_8_6dB": {"ROC-AUC": 0.9915993351007869, "PR-AUC": 0.9861458945350197}, "slider_10_6dB": {"ROC-AUC": 0.9490384210747802, "PR-AUC": 0.8651046091015965}, "slider_11_6dB": {"ROC-AUC": 0.7047931658460632, "PR-AUC": 0.35218557772859493}, "slider_9_6dB": {"ROC-AUC": 0.7570908555317091, "PR-AUC": 0.6672302717986015}, "valve_12_min6dB": {"ROC-AUC": 0.520550038197097, "PR-AUC": 0.20633716408268332}, "valve_14_min6dB": {"ROC-AUC": 0.5246000000000001, "PR-AUC": 0.19736285169163248}, "valve_15_min6dB": {"ROC-AUC": 0.49445564516129037, "PR-AUC": 0.18558212511409788}, "valve_13_min6dB": {"ROC-AUC": 0.545527306967985, "PR-AUC": 0.2680060529611341}, "pump_4_min6dB": {"ROC-AUC": 0.7004546149675375, "PR-AUC": 0.4581706210812658}, "pump_6_min6dB": {"ROC-AUC": 0.9353846153846155, "PR-AUC": 0.7940382427771295}, "pump_7_min6dB": {"ROC-AUC": 0.5882920735861912, "PR-AUC": 0.21965509062420138}, "pump_5_min6dB": {"ROC-AUC": 0.4882631635619683, "PR-AUC": 0.203576153396838}, "fan_0_min6dB": {"ROC-AUC": 0.5595494684603596, "PR-AUC": 0.5170198808913964}, "fan_2_min6dB": {"ROC-AUC": 0.5525817517597791, "PR-AUC": 0.4472645918355055}, "fan_3_min6dB": {"ROC-AUC": 0.8782802537330558, "PR-AUC": 0.8066668086307542}, "fan_1_min6dB": {"ROC-AUC": 0.7029533042352993, "PR-AUC": 0.6264804245832066}, "slider_8_min6dB": {"ROC-AUC": 0.9249779068299457, "PR-AUC": 0.824086570814346}, "slider_10_min6dB": {"ROC-AUC": 0.7694735513192779, "PR-AUC": 0.6634641077058141}, "slider_11_min6dB": {"ROC-AUC": 0.5344863863990237, "PR-AUC": 0.25276749476315186}, "slider_9_min6dB": {"ROC-AUC": 0.6933608270560676, "PR-AUC": 0.49769580068273805}, "valve_13_0dB": {"ROC-AUC": 0.6382532956685498, "PR-AUC": 0.33844237596157256}, "valve_15_0dB": {"ROC-AUC": 0.5562331989247311, "PR-AUC": 0.21710253216664016}, "valve_14_0dB": {"ROC-AUC": 0.6020666666666666, "PR-AUC": 0.25206838000992005}, "valve_12_0dB": {"ROC-AUC": 0.46588574823868945, "PR-AUC": 0.18285640141934925}, "slider_8_0dB": {"ROC-AUC": 0.9773492404157724, "PR-AUC": 0.9428097134690786}, "slider_10_0dB": {"ROC-AUC": 0.9127845810714135, "PR-AUC": 0.834812781924381}, "slider_11_0dB": {"ROC-AUC": 0.5694988006564827, "PR-AUC": 0.2753218505546403}, "slider_9_0dB": {"ROC-AUC": 0.769733058396106, "PR-AUC": 0.672998377438319}, "pump_4_0dB": {"ROC-AUC": 0.6896244908173337, "PR-AUC": 0.5341451426993511}, "pump_6_0dB": {"ROC-AUC": 0.9609971509971509, "PR-AUC": 0.8643834579728276}, "pump_7_0dB": {"ROC-AUC": 0.6999772882125823, "PR-AUC": 0.24551792787081508}, "pump_5_0dB": {"ROC-AUC": 0.4122070277448764, "PR-AUC": 0.24362916788009215}, "fan_0_0dB": {"ROC-AUC": 0.6132483518622133, "PR-AUC": 0.5416220148647515}, "fan_2_0dB": {"ROC-AUC": 0.765119620422347, "PR-AUC": 0.6415982548132593}, "fan_3_0dB": {"ROC-AUC": 0.9836362940986849, "PR-AUC": 0.9665043202810791}, "fan_1_0dB": {"ROC-AUC": 0.8708409185620599, "PR-AUC": 0.8487401870258229}}