{"valve_12_6dB": {"AUC": 0.39752143281555047}, "valve_14_6dB": {"AUC": 0.5395666666666666}, "valve_15_6dB": {"AUC": 0.6589717741935484}, "valve_13_6dB": {"AUC": 0.7309557438794727}, "pump_5_6dB": {"AUC": 0.49120634578801914}, "pump_7_6dB": {"AUC": 0.6870883488530547}, "pump_6_6dB": {"AUC": 0.9864102564102564}, "pump_4_6dB": {"AUC": 0.7274534610518707}, "fan_1_6dB": {"AUC": 0.9544228280657119}, "fan_3_6dB": {"AUC": 0.9904112507990623}, "fan_2_6dB": {"AUC": 0.9197184353559655}, "fan_0_6dB": {"AUC": 0.7995475223197995}, "slider_8_6dB": {"AUC": 0.9892322097378277}, "slider_10_6dB": {"AUC": 0.931553255060388}, "slider_11_6dB": {"AUC": 0.7916929680595884}, "slider_9_6dB": {"AUC": 0.5749484492698733}, "valve_12_min6dB": {"AUC": 0.47619047619047616}, "valve_14_min6dB": {"AUC": 0.44831666666666664}, "valve_15_min6dB": {"AUC": 0.4976310483870968}, "valve_13_min6dB": {"AUC": 0.5439736346516006}, "pump_4_min6dB": {"AUC": 0.6681310736976742}, "pump_6_min6dB": {"AUC": 0.9360683760683761}, "pump_7_min6dB": {"AUC": 0.5881974411386176}, "pump_5_min6dB": {"AUC": 0.5456731632030437}, "fan_0_min6dB": {"AUC": 0.5804023645607803}, "fan_2_min6dB": {"AUC": 0.5788002316671121}, "fan_3_min6dB": {"AUC": 0.8996377583635202}, "fan_1_min6dB": {"AUC": 0.7205930734981247}, "slider_8_min6dB": {"AUC": 0.9398381938307453}, "slider_10_min6dB": {"AUC": 0.7174388755628498}, "slider_11_min6dB": {"AUC": 0.5367167445187898}, "slider_9_min6dB": {"AUC": 0.6243459720293454}, "valve_13_0dB": {"AUC": 0.6554143126177024}, "valve_15_0dB": {"AUC": 0.5760752688172043}, "valve_14_0dB": {"AUC": 0.5458166666666667}, "valve_12_0dB": {"AUC": 0.45174433409727527}, "slider_8_0dB": {"AUC": 0.9759973488195934}, "slider_10_0dB": {"AUC": 0.8759836720952742}, "slider_11_0dB": {"AUC": 0.6065732441190086}, "slider_9_0dB": {"AUC": 0.6736803714458052}, "pump_4_0dB": {"AUC": 0.64371811091493}, "pump_6_0dB": {"AUC": 0.967008547008547}, "pump_7_0dB": {"AUC": 0.7001097736391854}, "pump_5_0dB": {"AUC": 0.5168874053336204}, "fan_0_0dB": {"AUC": 0.6411219500328411}, "fan_2_0dB": {"AUC": 0.801306468858594}, "fan_3_0dB": {"AUC": 0.9851114862834446}, "fan_1_0dB": {"AUC": 0.8840008334612769}}