{"valve_12_6dB": {"AUC": 0.42548170783464895}, "valve_14_6dB": {"AUC": 0.56695}, "valve_15_6dB": {"AUC": 0.6409778225806452}, "valve_13_6dB": {"AUC": 0.6882297551789077}, "pump_5_6dB": {"AUC": 0.3830264527475683}, "pump_7_6dB": {"AUC": 0.7140775229010523}, "pump_6_6dB": {"AUC": 0.9809116809116809}, "pump_4_6dB": {"AUC": 0.7856636405344161}, "fan_1_6dB": {"AUC": 0.940890048911017}, "fan_3_6dB": {"AUC": 0.9909630819496577}, "fan_2_6dB": {"AUC": 0.9082019067985387}, "fan_0_6dB": {"AUC": 0.7732357019485733}, "slider_8_6dB": {"AUC": 0.9915993351007869}, "slider_10_6dB": {"AUC": 0.9490384210747802}, "slider_11_6dB": {"AUC": 0.7047931658460632}, "slider_9_6dB": {"AUC": 0.7570908555317091}, "valve_12_min6dB": {"AUC": 0.520550038197097}, "valve_14_min6dB": {"AUC": 0.5246000000000001}, "valve_15_min6dB": {"AUC": 0.49445564516129037}, "valve_13_min6dB": {"AUC": 0.545527306967985}, "pump_4_min6dB": {"AUC": 0.7004546149675375}, "pump_6_min6dB": {"AUC": 0.9353846153846155}, "pump_7_min6dB": {"AUC": 0.5882920735861912}, "pump_5_min6dB": {"AUC": 0.4882631635619683}, "fan_0_min6dB": {"AUC": 0.5595494684603596}, "fan_2_min6dB": {"AUC": 0.5525817517597791}, "fan_3_min6dB": {"AUC": 0.8782802537330558}, "fan_1_min6dB": {"AUC": 0.7029533042352993}, "slider_8_min6dB": {"AUC": 0.9249779068299457}, "slider_10_min6dB": {"AUC": 0.7694735513192779}, "slider_11_min6dB": {"AUC": 0.5344863863990237}, "slider_9_min6dB": {"AUC": 0.6933608270560676}, "valve_13_0dB": {"AUC": 0.6382532956685498}, "valve_15_0dB": {"AUC": 0.5562331989247311}, "valve_14_0dB": {"AUC": 0.6020666666666666}, "valve_12_0dB": {"AUC": 0.46588574823868945}, "slider_8_0dB": {"AUC": 0.9773492404157724}, "slider_10_0dB": {"AUC": 0.9127845810714135}, "slider_11_0dB": {"AUC": 0.5694988006564827}, "slider_9_0dB": {"AUC": 0.769733058396106}, "pump_4_0dB": {"AUC": 0.6896244908173337}, "pump_6_0dB": {"AUC": 0.9609971509971509}, "pump_7_0dB": {"AUC": 0.6999772882125823}, "pump_5_0dB": {"AUC": 0.4122070277448764}, "fan_0_0dB": {"AUC": 0.6132483518622133}, "fan_2_0dB": {"AUC": 0.765119620422347}, "fan_3_0dB": {"AUC": 0.9836362940986849}, "fan_1_0dB": {"AUC": 0.8708409185620599}}