{"valve_12_6dB": {"AUC": 0.5372039724980902}, "valve_14_6dB": {"AUC": 0.5755833333333333}, "valve_15_6dB": {"AUC": 0.6493111559139784}, "valve_13_6dB": {"AUC": 0.7178672316384181}, "pump_5_6dB": {"AUC": 0.40118804063027175}, "pump_7_6dB": {"AUC": 0.5645014762661822}, "pump_6_6dB": {"AUC": 0.9736182336182335}, "pump_4_6dB": {"AUC": 0.7637670480612827}, "fan_1_6dB": {"AUC": 0.961830763494396}, "fan_3_6dB": {"AUC": 0.9875756035994689}, "fan_2_6dB": {"AUC": 0.9283168493272743}, "fan_0_6dB": {"AUC": 0.7805629211569804}, "slider_8_6dB": {"AUC": 0.9943452005218196}, "slider_10_6dB": {"AUC": 0.934435887724614}, "slider_11_6dB": {"AUC": 0.786601018389934}, "slider_9_6dB": {"AUC": 0.8080489276045393}, "valve_12_min6dB": {"AUC": 0.5113148289618877}, "valve_14_min6dB": {"AUC": 0.5054333333333333}, "valve_15_min6dB": {"AUC": 0.4967237903225806}, "valve_13_min6dB": {"AUC": 0.5506120527306968}, "pump_4_min6dB": {"AUC": 0.6798648667435944}, "pump_6_min6dB": {"AUC": 0.9207692307692308}, "pump_7_min6dB": {"AUC": 0.5458021046256339}, "pump_5_min6dB": {"AUC": 0.5585406123254729}, "fan_0_min6dB": {"AUC": 0.5602500790619603}, "fan_2_min6dB": {"AUC": 0.5579223469660519}, "fan_3_min6dB": {"AUC": 0.7993957175717245}, "fan_1_min6dB": {"AUC": 0.7017085956177482}, "slider_8_min6dB": {"AUC": 0.9241573033707865}, "slider_10_min6dB": {"AUC": 0.7196902747969532}, "slider_11_min6dB": {"AUC": 0.543365736649413}, "slider_9_min6dB": {"AUC": 0.7136374475725569}, "valve_13_0dB": {"AUC": 0.660710922787194}, "valve_15_0dB": {"AUC": 0.5662970430107527}, "valve_14_0dB": {"AUC": 0.58895}, "valve_12_0dB": {"AUC": 0.490535608182667}, "slider_8_0dB": {"AUC": 0.9762919244203173}, "slider_10_0dB": {"AUC": 0.8735639439464714}, "slider_11_0dB": {"AUC": 0.6021966923368262}, "slider_9_0dB": {"AUC": 0.791721022878705}, "pump_4_0dB": {"AUC": 0.6500437931849463}, "pump_6_0dB": {"AUC": 0.9533333333333334}, "pump_7_0dB": {"AUC": 0.5855098796275267}, "pump_5_0dB": {"AUC": 0.45987222282042994}, "fan_0_0dB": {"AUC": 0.6106502542146107}, "fan_2_0dB": {"AUC": 0.7787022186581128}, "fan_3_0dB": {"AUC": 0.971479617761314}, "fan_1_0dB": {"AUC": 0.8771521944158095}}