{"valve_15_6dB": {"AUC": 0.6459173387096775}, "valve_15_min6dB": {"AUC": 0.5345430107526881}, "valve_15_0dB": {"AUC": 0.5660450268817204}}