{"valve_15_6dB": {"AUC": 0.6328965053763441}, "valve_15_min6dB": {"AUC": 0.5597446236559139}, "valve_15_0dB": {"AUC": 0.6002520161290322}}