{"valve_15_6dB": {"ROC-AUC": 0.6328965053763441, "PR-AUC": 0.2668201878561822}, "valve_15_min6dB": {"ROC-AUC": 0.5597446236559139, "PR-AUC": 0.2256561124455529}, "valve_15_0dB": {"ROC-AUC": 0.6002520161290322, "PR-AUC": 0.24617681325821375}}