{"valve_15_6dB": {"ROC-AUC": 0.6671034946236559, "PR-AUC": 0.2850888113370007}, "valve_15_min6dB": {"ROC-AUC": 0.5658770161290323, "PR-AUC": 0.21396297144181858}, "valve_15_0dB": {"ROC-AUC": 0.5969254032258065, "PR-AUC": 0.23006437735587953}}