{"valve_15_6dB": {"AUC": 0.6671034946236559}, "valve_15_min6dB": {"AUC": 0.5658770161290323}, "valve_15_0dB": {"AUC": 0.5969254032258065}}