{"valve_15_6dB": {"ROC-AUC": 0.6459173387096775, "PR-AUC": 0.27356918869611024}, "valve_15_min6dB": {"ROC-AUC": 0.5345430107526881, "PR-AUC": 0.20259354131651502}, "valve_15_0dB": {"ROC-AUC": 0.5660450268817204, "PR-AUC": 0.22101161768680871}}