{"val_accs": [0.6873443901410863, 0.7190481836185357, 0.7158148650685964, 0.7224425094299025, 0.7335798208135551, 0.7305865494533803, 0.736318407960199, 0.7358953979733577, 0.7355850930695156, 0.7374366765759317, 0.7367926475302218, 0.7423547165613533, 0.7383061157876402, 0.7328274777919757, 0.7414560033021126, 0.7361793562344208, 0.7367677645898194, 0.7356553507835931, 0.7386164206914823, 0.7353362636654913, 0.7314720893912315, 0.7312261873919604, 0.740443121257496, 0.7300962091572148, 0.7398693499258635, 0.737549381658931, 0.7379606820267594, 0.7371629642315051, 0.7367853290183387, 0.739708342664436, 0.7355616738314898, 0.7307080367506392, 0.7346761338936386, 0.7363066983411861, 0.73794311759824, 0.7317370195213986, 0.7331246093744282, 0.7397815277832667, 0.7318409423901382, 0.7389252618929477, 0.737806993277215, 0.736685797256729, 0.7401942918534716, 0.7415043054805408, 0.7351167083089993, 0.7292501891835321, 0.7259158751696065, 0.7277513579498799, 0.7370663598746485, 0.7338169405985665], "best_val_epoch": 12, "model": "MLP_sound_64", "lr": 0.0001, "batch_size": 512}