{"iter": 1, "val_mses": [13.891955375671387, 12.685637474060059, 11.937369346618652, 10.937932014465332, 10.705967903137207, 10.438040733337402, 10.321253776550293, 10.185322761535645, 10.121293067932129, 10.07755184173584, 10.023324012756348, 9.998290061950684, 9.939640998840332, 9.944000244140625, 9.876609802246094, 9.89605712890625, 9.819293022155762, 9.767481803894043, 9.751362800598145, 9.72742748260498, 9.713645935058594, 9.752172470092773, 9.71573257446289, 9.666940689086914, 9.683667182922363, 9.758652687072754, 9.740351676940918, 9.609960556030273, 9.623602867126465, 9.640976905822754, 9.654970169067383, 9.765382766723633, 9.594734191894531, 9.622029304504395, 9.56965160369873, 9.65213394165039, 9.572843551635742, 9.55734920501709, 9.546978950500488, 9.559226036071777, 9.522504806518555, 9.599492073059082, 9.540570259094238, 9.583455085754395, 9.70815372467041, 9.180782318115234, 9.166145324707031, 9.190699577331543, 9.096905708312988, 9.066442489624023, 9.008734703063965, 9.04507064819336, 9.03030776977539, 9.04654312133789, 8.98125171661377, 9.425199508666992, 8.965622901916504, 8.974540710449219, 9.102128028869629, 8.98976993560791, 8.948663711547852, 8.916055679321289, 8.937548637390137, 8.915993690490723, 9.01021671295166, 8.716900825500488, 8.657570838928223, 8.614177703857422, 8.6809663772583, 8.652697563171387, 8.601014137268066, 8.625473976135254, 8.55023193359375, 8.523895263671875, 8.52730941772461, 8.581063270568848, 8.536876678466797, 8.506550788879395, 8.478001594543457, 8.515936851501465, 8.463434219360352, 8.467696189880371, 8.460579872131348, 8.424798965454102, 8.415822982788086, 8.489547729492188, 8.468605041503906, 8.457955360412598, 8.461933135986328, 8.363396644592285, 8.43371868133545, 8.420126914978027, 8.431530952453613, 8.414852142333984, 8.512059211730957, 8.351902961730957, 8.389947891235352, 8.452529907226562, 8.333335876464844, 8.366666793823242], "best_val_epoch": 99, "model": "AE_sound_all", "lr": 0.0001, "batch_size": 256, "context": ""}