{"iter": 3, "val_mses": [12.99022102355957, 9.82744312286377, 9.505510330200195, 9.321231842041016, 9.240254402160645, 9.17243766784668, 9.090344429016113, 9.040055274963379, 8.993258476257324, 8.944504737854004, 8.927148818969727, 8.903746604919434, 8.863948822021484, 8.819975852966309, 8.808592796325684, 8.763395309448242, 8.743348121643066, 8.720653533935547, 8.692885398864746, 8.675196647644043, 8.669632911682129, 8.643254280090332, 8.627169609069824, 8.618119239807129, 8.600176811218262, 8.586803436279297, 8.565032958984375, 8.602248191833496, 8.56643009185791, 8.578088760375977, 8.567007064819336, 8.562341690063477, 8.545061111450195, 8.53314208984375, 8.531843185424805, 8.51551628112793, 8.524515151977539, 8.564130783081055, 8.52315902709961, 8.498589515686035, 8.489983558654785, 8.465612411499023, 8.466246604919434, 8.474967956542969, 8.517492294311523, 8.474767684936523, 8.456899642944336, 8.450004577636719, 8.453535079956055, 8.43789005279541, 8.470571517944336, 8.428826332092285, 8.444462776184082, 8.481431007385254, 8.408031463623047, 8.422638893127441, 8.418354988098145, 8.397856712341309, 8.399266242980957, 8.451993942260742, 8.393026351928711, 8.398496627807617, 8.405889511108398, 8.39313793182373, 8.408886909484863, 8.409965515136719, 8.371644973754883, 8.39600944519043, 8.421137809753418, 8.376173973083496, 8.371691703796387, 8.391131401062012, 8.361588478088379, 8.3836669921875, 8.44459342956543, 8.356125831604004, 8.360706329345703, 8.344836235046387, 8.355813980102539, 8.360634803771973, 8.356644630432129, 8.333006858825684, 8.343034744262695, 8.3383150100708, 8.370109558105469, 8.35432243347168, 8.358428955078125, 8.372819900512695, 8.35730266571045, 8.352992057800293, 8.336625099182129, 8.328129768371582, 8.343496322631836, 8.365975379943848, 8.310302734375, 8.319448471069336, 8.368474960327148, 8.329978942871094, 8.32479190826416, 8.294939994812012], "best_val_epoch": 100, "model": "AE_sound_all", "lr": 0.0001, "batch_size": 256, "context": ""}