{"iter": 2, "val_mses": [10.098063468933105, 9.430776596069336, 9.162711143493652, 8.957956314086914, 8.888617515563965, 8.853996276855469, 8.771818161010742, 8.701397895812988, 8.672090530395508, 8.630820274353027, 8.58341121673584, 8.5860595703125, 8.51296329498291, 8.285420417785645, 8.190991401672363, 8.16728401184082, 8.13126277923584, 8.139948844909668, 8.095431327819824, 8.084945678710938, 8.05833625793457, 8.06152057647705, 8.003653526306152, 7.99959659576416, 7.985922813415527, 7.969086647033691, 7.9465556144714355, 7.931313514709473, 7.928898334503174, 7.891284942626953, 7.90584135055542, 7.885378837585449, 7.867172718048096, 7.840346813201904, 7.834270000457764, 7.834951400756836, 7.805475234985352, 7.7937912940979, 7.818080902099609, 7.873833179473877, 7.783560276031494, 7.75996732711792, 7.7991132736206055, 7.817231178283691, 7.765397548675537, 7.740051746368408, 7.75883674621582, 7.8293256759643555, 7.7284135818481445, 7.724092960357666, 7.745302677154541, 7.746950626373291, 7.685873508453369, 7.695812702178955, 7.66447114944458, 7.741881847381592, 7.835820198059082, 7.784218788146973, 7.77211856842041, 7.7811174392700195, 7.8484787940979, 7.754620552062988, 7.7622389793396, 7.761180877685547, 7.753981113433838, 7.731329441070557, 7.73518180847168, 7.7022199630737305, 7.719033718109131, 7.6939778327941895, 7.676517486572266, 7.708257675170898, 7.671831130981445, 7.681683540344238, 7.702277183532715, 7.690812110900879, 7.699227333068848, 7.67410135269165, 7.687281608581543, 7.728985786437988, 7.686776638031006, 7.708813190460205, 7.673929691314697, 7.658451080322266, 7.669065475463867, 7.683483123779297, 7.649518013000488, 7.652531623840332, 7.701226234436035, 7.648379325866699, 7.646979808807373, 7.631425857543945, 7.720845699310303, 7.664553642272949, 7.683935642242432, 7.726751804351807, 7.755127906799316, 7.6855082511901855, 7.654585838317871, 7.639131546020508], "best_val_epoch": 92, "model": "AE_sound_all", "lr": 0.0001, "batch_size": 256, "context": ""}