{"valve_12_6dB": {"ROC-AUC": 0.27542653425006364, "PR-AUC": 0.1312105857080145}, "valve_14_6dB": {"ROC-AUC": 0.4140666666666667, "PR-AUC": 0.16827181375747197}, "valve_15_6dB": {"ROC-AUC": 0.6074596774193548, "PR-AUC": 0.26307032676510617}, "valve_13_6dB": {"ROC-AUC": 0.7157250470809793, "PR-AUC": 0.432818949913205}, "pump_5_6dB": {"ROC-AUC": 0.45601378270700976, "PR-AUC": 0.2773836448558902}, "pump_7_6dB": {"ROC-AUC": 0.5186804451510334, "PR-AUC": 0.15354505082905484}, "pump_6_6dB": {"ROC-AUC": 0.8332193732193732, "PR-AUC": 0.5603181345052529}, "pump_4_6dB": {"ROC-AUC": 0.5981871011692085, "PR-AUC": 0.3443515892299865}, "fan_1_6dB": {"ROC-AUC": 0.9201467330511264, "PR-AUC": 0.9007753054062307}, "fan_3_6dB": {"ROC-AUC": 0.9412545689980167, "PR-AUC": 0.9091353685085612}, "fan_2_6dB": {"ROC-AUC": 0.9079902878018355, "PR-AUC": 0.8523642158719679}, "fan_0_6dB": {"ROC-AUC": 0.6905295934998905, "PR-AUC": 0.662150675330959}, "slider_8_6dB": {"ROC-AUC": 0.992314732988259, "PR-AUC": 0.9863947741583691}, "slider_10_6dB": {"ROC-AUC": 0.8811808273366157, "PR-AUC": 0.7909561815437203}, "slider_11_6dB": {"ROC-AUC": 0.8318814964440517, "PR-AUC": 0.5195157079897506}, "slider_9_6dB": {"ROC-AUC": 0.5754534360139714, "PR-AUC": 0.4057808522428428}, "valve_12_min6dB": {"ROC-AUC": 0.4198964434258552, "PR-AUC": 0.16872303464295363}, "valve_14_min6dB": {"ROC-AUC": 0.40893333333333337, "PR-AUC": 0.1612891485397992}, "valve_15_min6dB": {"ROC-AUC": 0.49684139784946235, "PR-AUC": 0.1939790445355125}, "valve_13_min6dB": {"ROC-AUC": 0.5619114877589454, "PR-AUC": 0.2801179933076476}, "pump_4_min6dB": {"ROC-AUC": 0.6075852576846613, "PR-AUC": 0.2982927916767155}, "pump_6_min6dB": {"ROC-AUC": 0.5972649572649573, "PR-AUC": 0.3572749992897964}, "pump_7_min6dB": {"ROC-AUC": 0.5288439700204406, "PR-AUC": 0.1782200635052539}, "pump_5_min6dB": {"ROC-AUC": 0.5506801622339471, "PR-AUC": 0.2653271575058289}, "fan_0_min6dB": {"ROC-AUC": 0.5587272240737587, "PR-AUC": 0.5210594571893548}, "fan_2_min6dB": {"ROC-AUC": 0.5320936915263299, "PR-AUC": 0.4276972844384132}, "fan_3_min6dB": {"ROC-AUC": 0.5527927573527402, "PR-AUC": 0.4365020371464443}, "fan_1_min6dB": {"ROC-AUC": 0.5686783058802887, "PR-AUC": 0.4745215999846629}, "slider_8_min6dB": {"ROC-AUC": 0.9392174809577916, "PR-AUC": 0.8489071315799825}, "slider_10_min6dB": {"ROC-AUC": 0.6658881454361822, "PR-AUC": 0.5685231471226457}, "slider_11_min6dB": {"ROC-AUC": 0.5514455245549804, "PR-AUC": 0.2654696510753983}, "slider_9_min6dB": {"ROC-AUC": 0.6242056979337626, "PR-AUC": 0.42092241298084837}, "valve_13_0dB": {"ROC-AUC": 0.6590866290018832, "PR-AUC": 0.3593908173313457}, "valve_15_0dB": {"ROC-AUC": 0.5303427419354838, "PR-AUC": 0.21077964662865484}, "valve_14_0dB": {"ROC-AUC": 0.4534, "PR-AUC": 0.17696888258006116}, "valve_12_0dB": {"ROC-AUC": 0.36524912995501235, "PR-AUC": 0.15515952971180969}, "slider_8_0dB": {"ROC-AUC": 0.9756449101544418, "PR-AUC": 0.9156540455389108}, "slider_10_0dB": {"ROC-AUC": 0.8133232335984515, "PR-AUC": 0.7123673721740656}, "slider_11_0dB": {"ROC-AUC": 0.6256785759373816, "PR-AUC": 0.3230040926720793}, "slider_9_0dB": {"ROC-AUC": 0.6774888131408773, "PR-AUC": 0.5388498517403918}, "pump_4_0dB": {"ROC-AUC": 0.5528090200058391, "PR-AUC": 0.2944323828352721}, "pump_6_0dB": {"ROC-AUC": 0.6874928774928775, "PR-AUC": 0.4133606555956647}, "pump_7_0dB": {"ROC-AUC": 0.534938299644182, "PR-AUC": 0.1634592992079652}, "pump_5_0dB": {"ROC-AUC": 0.5205843293492697, "PR-AUC": 0.303462968056762}, "fan_0_0dB": {"ROC-AUC": 0.5880750237185881, "PR-AUC": 0.5227078854185707}, "fan_2_0dB": {"ROC-AUC": 0.7355319433306602, "PR-AUC": 0.609964683279039}, "fan_3_0dB": {"ROC-AUC": 0.7427483376769547, "PR-AUC": 0.6128878928087242}, "fan_1_0dB": {"ROC-AUC": 0.6964994626368083, "PR-AUC": 0.642593190696815}}