{"valve_12_6dB": {"AUC": 0.27542653425006364}, "valve_14_6dB": {"AUC": 0.4140666666666667}, "valve_15_6dB": {"AUC": 0.6074596774193548}, "valve_13_6dB": {"AUC": 0.7157250470809793}, "pump_5_6dB": {"AUC": 0.45601378270700976}, "pump_7_6dB": {"AUC": 0.5186804451510334}, "pump_6_6dB": {"AUC": 0.8332193732193732}, "pump_4_6dB": {"AUC": 0.5981871011692085}, "fan_1_6dB": {"AUC": 0.9201467330511264}, "fan_3_6dB": {"AUC": 0.9412545689980167}, "fan_2_6dB": {"AUC": 0.9079902878018355}, "fan_0_6dB": {"AUC": 0.6905295934998905}, "slider_8_6dB": {"AUC": 0.992314732988259}, "slider_10_6dB": {"AUC": 0.8811808273366157}, "slider_11_6dB": {"AUC": 0.8318814964440517}, "slider_9_6dB": {"AUC": 0.5754534360139714}, "valve_12_min6dB": {"AUC": 0.4198964434258552}, "valve_14_min6dB": {"AUC": 0.40893333333333337}, "valve_15_min6dB": {"AUC": 0.49684139784946235}, "valve_13_min6dB": {"AUC": 0.5619114877589454}, "pump_4_min6dB": {"AUC": 0.6075852576846613}, "pump_6_min6dB": {"AUC": 0.5972649572649573}, "pump_7_min6dB": {"AUC": 0.5288439700204406}, "pump_5_min6dB": {"AUC": 0.5506801622339471}, "fan_0_min6dB": {"AUC": 0.5587272240737587}, "fan_2_min6dB": {"AUC": 0.5320936915263299}, "fan_3_min6dB": {"AUC": 0.5527927573527402}, "fan_1_min6dB": {"AUC": 0.5686783058802887}, "slider_8_min6dB": {"AUC": 0.9392174809577916}, "slider_10_min6dB": {"AUC": 0.6658881454361822}, "slider_11_min6dB": {"AUC": 0.5514455245549804}, "slider_9_min6dB": {"AUC": 0.6242056979337626}, "valve_13_0dB": {"AUC": 0.6590866290018832}, "valve_15_0dB": {"AUC": 0.5303427419354838}, "valve_14_0dB": {"AUC": 0.4534}, "valve_12_0dB": {"AUC": 0.36524912995501235}, "slider_8_0dB": {"AUC": 0.9756449101544418}, "slider_10_0dB": {"AUC": 0.8133232335984515}, "slider_11_0dB": {"AUC": 0.6256785759373816}, "slider_9_0dB": {"AUC": 0.6774888131408773}, "pump_4_0dB": {"AUC": 0.5528090200058391}, "pump_6_0dB": {"AUC": 0.6874928774928775}, "pump_7_0dB": {"AUC": 0.534938299644182}, "pump_5_0dB": {"AUC": 0.5205843293492697}, "fan_0_0dB": {"AUC": 0.5880750237185881}, "fan_2_0dB": {"AUC": 0.7355319433306602}, "fan_3_0dB": {"AUC": 0.7427483376769547}, "fan_1_0dB": {"AUC": 0.6964994626368083}}