{"valve_12_6dB": {"ROC-AUC": 0.3636193871487989, "PR-AUC": 0.15055555282139604}, "valve_14_6dB": {"ROC-AUC": 0.45369999999999994, "PR-AUC": 0.1822527095117012}, "valve_15_6dB": {"ROC-AUC": 0.6250504032258064, "PR-AUC": 0.28729646129148334}, "valve_13_6dB": {"ROC-AUC": 0.7427966101694916, "PR-AUC": 0.4572330170081277}, "pump_5_6dB": {"ROC-AUC": 0.38692078532715984, "PR-AUC": 0.2509799504441646}, "pump_7_6dB": {"ROC-AUC": 0.5219925808161102, "PR-AUC": 0.15385140152371576}, "pump_6_6dB": {"ROC-AUC": 0.8582336182336182, "PR-AUC": 0.682580031959456}, "pump_4_6dB": {"ROC-AUC": 0.456769870288757, "PR-AUC": 0.248514203366659}, "fan_1_6dB": {"ROC-AUC": 0.9451670212532626, "PR-AUC": 0.9253136602713032}, "fan_3_6dB": {"ROC-AUC": 0.9439809427024428, "PR-AUC": 0.9059391222109072}, "fan_2_6dB": {"ROC-AUC": 0.9281609195402298, "PR-AUC": 0.8566419247684149}, "fan_0_6dB": {"ROC-AUC": 0.6728489065122729, "PR-AUC": 0.62443016162452}, "slider_8_6dB": {"ROC-AUC": 0.9826726423431386, "PR-AUC": 0.9699487791818517}, "slider_10_6dB": {"ROC-AUC": 0.8680932542187434, "PR-AUC": 0.7585955162473104}, "slider_11_6dB": {"ROC-AUC": 0.865084374868493, "PR-AUC": 0.5495001111268807}, "slider_9_6dB": {"ROC-AUC": 0.488855223105949, "PR-AUC": 0.32705785692642186}, "valve_12_min6dB": {"ROC-AUC": 0.4328664799253034, "PR-AUC": 0.17388838344810467}, "valve_14_min6dB": {"ROC-AUC": 0.4596833333333334, "PR-AUC": 0.17367590026914048}, "valve_15_min6dB": {"ROC-AUC": 0.5054771505376344, "PR-AUC": 0.19484540144608942}, "valve_13_min6dB": {"ROC-AUC": 0.5876177024482109, "PR-AUC": 0.28747242647793675}, "pump_4_min6dB": {"ROC-AUC": 0.6094064980744902, "PR-AUC": 0.29369171780210196}, "pump_6_min6dB": {"ROC-AUC": 0.7272934472934474, "PR-AUC": 0.4961158452848174}, "pump_7_min6dB": {"ROC-AUC": 0.527992277992278, "PR-AUC": 0.1787796890407189}, "pump_5_min6dB": {"ROC-AUC": 0.5021714942033668, "PR-AUC": 0.2226531496025724}, "fan_0_min6dB": {"ROC-AUC": 0.5424380275865425, "PR-AUC": 0.5017617827641065}, "fan_2_min6dB": {"ROC-AUC": 0.5465339035908403, "PR-AUC": 0.4362258300344769}, "fan_3_min6dB": {"ROC-AUC": 0.6177449228802308, "PR-AUC": 0.4789349069509667}, "fan_1_min6dB": {"ROC-AUC": 0.5986664619568793, "PR-AUC": 0.4955547075851655}, "slider_8_min6dB": {"ROC-AUC": 0.9410322770693936, "PR-AUC": 0.867860677546254}, "slider_10_min6dB": {"ROC-AUC": 0.653768463577831, "PR-AUC": 0.5656888176971875}, "slider_11_min6dB": {"ROC-AUC": 0.5891512014476288, "PR-AUC": 0.282881741798607}, "slider_9_min6dB": {"ROC-AUC": 0.5711400075748011, "PR-AUC": 0.38764828626426917}, "valve_13_0dB": {"ROC-AUC": 0.7038370998116762, "PR-AUC": 0.39119943173961447}, "valve_15_0dB": {"ROC-AUC": 0.5325772849462366, "PR-AUC": 0.20436401329377263}, "valve_14_0dB": {"ROC-AUC": 0.5145666666666667, "PR-AUC": 0.20381994959851563}, "valve_12_0dB": {"ROC-AUC": 0.3918173329938036, "PR-AUC": 0.1528493391458783}, "slider_8_0dB": {"ROC-AUC": 0.9741878129865758, "PR-AUC": 0.9131843509541124}, "slider_10_0dB": {"ROC-AUC": 0.8089887640449438, "PR-AUC": 0.6967317958515518}, "slider_11_0dB": {"ROC-AUC": 0.6811429533308084, "PR-AUC": 0.3624258961653736}, "slider_9_0dB": {"ROC-AUC": 0.5897052841251806, "PR-AUC": 0.45854315977315946}, "pump_4_0dB": {"ROC-AUC": 0.5058321400269711, "PR-AUC": 0.25058371499962906}, "pump_6_0dB": {"ROC-AUC": 0.7728774928774929, "PR-AUC": 0.5845064031200292}, "pump_7_0dB": {"ROC-AUC": 0.5275380422439246, "PR-AUC": 0.15929726075202222}, "pump_5_0dB": {"ROC-AUC": 0.4062668245935179, "PR-AUC": 0.23605291098448394}, "fan_0_0dB": {"ROC-AUC": 0.568005449193568, "PR-AUC": 0.49994381519047454}, "fan_2_0dB": {"ROC-AUC": 0.747315780094449, "PR-AUC": 0.6124377175229445}, "fan_3_0dB": {"ROC-AUC": 0.820906205095423, "PR-AUC": 0.7451498001623813}, "fan_1_0dB": {"ROC-AUC": 0.7754699186278595, "PR-AUC": 0.7326903501708006}}