{"valve_12_6dB": {"AUC": 0.3636193871487989}, "valve_14_6dB": {"AUC": 0.45369999999999994}, "valve_15_6dB": {"AUC": 0.6250504032258064}, "valve_13_6dB": {"AUC": 0.7427966101694916}, "pump_5_6dB": {"AUC": 0.38692078532715984}, "pump_7_6dB": {"AUC": 0.5219925808161102}, "pump_6_6dB": {"AUC": 0.8582336182336182}, "pump_4_6dB": {"AUC": 0.456769870288757}, "fan_1_6dB": {"AUC": 0.9451670212532626}, "fan_3_6dB": {"AUC": 0.9439809427024428}, "fan_2_6dB": {"AUC": 0.9281609195402298}, "fan_0_6dB": {"AUC": 0.6728489065122729}, "slider_8_6dB": {"AUC": 0.9826726423431386}, "slider_10_6dB": {"AUC": 0.8680932542187434}, "slider_11_6dB": {"AUC": 0.865084374868493}, "slider_9_6dB": {"AUC": 0.488855223105949}, "valve_12_min6dB": {"AUC": 0.4328664799253034}, "valve_14_min6dB": {"AUC": 0.4596833333333334}, "valve_15_min6dB": {"AUC": 0.5054771505376344}, "valve_13_min6dB": {"AUC": 0.5876177024482109}, "pump_4_min6dB": {"AUC": 0.6094064980744902}, "pump_6_min6dB": {"AUC": 0.7272934472934474}, "pump_7_min6dB": {"AUC": 0.527992277992278}, "pump_5_min6dB": {"AUC": 0.5021714942033668}, "fan_0_min6dB": {"AUC": 0.5424380275865425}, "fan_2_min6dB": {"AUC": 0.5465339035908403}, "fan_3_min6dB": {"AUC": 0.6177449228802308}, "fan_1_min6dB": {"AUC": 0.5986664619568793}, "slider_8_min6dB": {"AUC": 0.9410322770693936}, "slider_10_min6dB": {"AUC": 0.653768463577831}, "slider_11_min6dB": {"AUC": 0.5891512014476288}, "slider_9_min6dB": {"AUC": 0.5711400075748011}, "valve_13_0dB": {"AUC": 0.7038370998116762}, "valve_15_0dB": {"AUC": 0.5325772849462366}, "valve_14_0dB": {"AUC": 0.5145666666666667}, "valve_12_0dB": {"AUC": 0.3918173329938036}, "slider_8_0dB": {"AUC": 0.9741878129865758}, "slider_10_0dB": {"AUC": 0.8089887640449438}, "slider_11_0dB": {"AUC": 0.6811429533308084}, "slider_9_0dB": {"AUC": 0.5897052841251806}, "pump_4_0dB": {"AUC": 0.5058321400269711}, "pump_6_0dB": {"AUC": 0.7728774928774929}, "pump_7_0dB": {"AUC": 0.5275380422439246}, "pump_5_0dB": {"AUC": 0.4062668245935179}, "fan_0_0dB": {"AUC": 0.568005449193568}, "fan_2_0dB": {"AUC": 0.747315780094449}, "fan_3_0dB": {"AUC": 0.820906205095423}, "fan_1_0dB": {"AUC": 0.7754699186278595}}