{"valve_12_6dB": {"ROC-AUC": 0.33506493506493507, "PR-AUC": 0.14167337276249625}, "valve_14_6dB": {"ROC-AUC": 0.4328166666666667, "PR-AUC": 0.17680990187323795}, "valve_15_6dB": {"ROC-AUC": 0.5989415322580645, "PR-AUC": 0.2556656221637424}, "valve_13_6dB": {"ROC-AUC": 0.7150188323917137, "PR-AUC": 0.42789968162800535}, "pump_5_6dB": {"ROC-AUC": 0.43451419547037073, "PR-AUC": 0.31040033480244533}, "pump_7_6dB": {"ROC-AUC": 0.509425391778333, "PR-AUC": 0.15122565115903114}, "pump_6_6dB": {"ROC-AUC": 0.8349002849002849, "PR-AUC": 0.5866447032373492}, "pump_4_6dB": {"ROC-AUC": 0.5633680434873278, "PR-AUC": 0.29099919291924425}, "fan_1_6dB": {"ROC-AUC": 0.9326267190138837, "PR-AUC": 0.9137412740986057}, "fan_3_6dB": {"ROC-AUC": 0.9481770449168703, "PR-AUC": 0.9243048036969923}, "fan_2_6dB": {"ROC-AUC": 0.8954991980753809, "PR-AUC": 0.8310829004006811}, "fan_0_6dB": {"ROC-AUC": 0.6895321964628895, "PR-AUC": 0.6456959969602319}, "slider_8_6dB": {"ROC-AUC": 0.9910364852922611, "PR-AUC": 0.9852379603731043}, "slider_10_6dB": {"ROC-AUC": 0.8836636788284309, "PR-AUC": 0.7854962263285006}, "slider_11_6dB": {"ROC-AUC": 0.8285570003787401, "PR-AUC": 0.4882615028589046}, "slider_9_6dB": {"ROC-AUC": 0.5604230666722777, "PR-AUC": 0.37548441738203286}, "valve_12_min6dB": {"ROC-AUC": 0.4192852898735252, "PR-AUC": 0.16959462278094095}, "valve_14_min6dB": {"ROC-AUC": 0.44323333333333337, "PR-AUC": 0.17304072567109433}, "valve_15_min6dB": {"ROC-AUC": 0.498067876344086, "PR-AUC": 0.1955933131789254}, "valve_13_min6dB": {"ROC-AUC": 0.5685734463276836, "PR-AUC": 0.28121529803500833}, "pump_4_min6dB": {"ROC-AUC": 0.6374480390384962, "PR-AUC": 0.32389907508614346}, "pump_6_min6dB": {"ROC-AUC": 0.6718233618233618, "PR-AUC": 0.38952839820596996}, "pump_7_min6dB": {"ROC-AUC": 0.5148762207585736, "PR-AUC": 0.17095072097755576}, "pump_5_min6dB": {"ROC-AUC": 0.521553425935896, "PR-AUC": 0.22769465630591118}, "fan_0_min6dB": {"ROC-AUC": 0.5686525409297687, "PR-AUC": 0.5305790856978854}, "fan_2_min6dB": {"ROC-AUC": 0.5325559119664974, "PR-AUC": 0.42956840776167643}, "fan_3_min6dB": {"ROC-AUC": 0.592606555316975, "PR-AUC": 0.4755096860872271}, "fan_1_min6dB": {"ROC-AUC": 0.5739642050314742, "PR-AUC": 0.4836962718110105}, "slider_8_min6dB": {"ROC-AUC": 0.9396277826873711, "PR-AUC": 0.8529293733786603}, "slider_10_min6dB": {"ROC-AUC": 0.676051003661154, "PR-AUC": 0.5707800702933917}, "slider_11_min6dB": {"ROC-AUC": 0.5455119303118293, "PR-AUC": 0.25737849108399624}, "slider_9_min6dB": {"ROC-AUC": 0.5832456620235941, "PR-AUC": 0.3893239066992351}, "valve_13_0dB": {"ROC-AUC": 0.6678436911487758, "PR-AUC": 0.3599696152828033}, "valve_15_0dB": {"ROC-AUC": 0.5265120967741936, "PR-AUC": 0.20612831349978566}, "valve_14_0dB": {"ROC-AUC": 0.4838166666666667, "PR-AUC": 0.191957153143761}, "valve_12_0dB": {"ROC-AUC": 0.3848399966047025, "PR-AUC": 0.15293582233476347}, "slider_8_0dB": {"ROC-AUC": 0.9785065017043303, "PR-AUC": 0.9272400151029088}, "slider_10_0dB": {"ROC-AUC": 0.8216765559904052, "PR-AUC": 0.7090755550468641}, "slider_11_0dB": {"ROC-AUC": 0.626351891596179, "PR-AUC": 0.3173983620671126}, "slider_9_0dB": {"ROC-AUC": 0.6434372764381601, "PR-AUC": 0.5177846661041037}, "pump_4_0dB": {"ROC-AUC": 0.5491109288325988, "PR-AUC": 0.2753531139892909}, "pump_6_0dB": {"ROC-AUC": 0.7150997150997151, "PR-AUC": 0.44926894707016457}, "pump_7_0dB": {"ROC-AUC": 0.5257778787190551, "PR-AUC": 0.16035200130508953}, "pump_5_0dB": {"ROC-AUC": 0.4790208535228455, "PR-AUC": 0.2579215539539895}, "fan_0_0dB": {"ROC-AUC": 0.6034446687912036, "PR-AUC": 0.5409534391365056}, "fan_2_0dB": {"ROC-AUC": 0.7429219014523745, "PR-AUC": 0.6209404118369671}, "fan_3_0dB": {"ROC-AUC": 0.8092248684620301, "PR-AUC": 0.7532333577302966}, "fan_1_0dB": {"ROC-AUC": 0.7185258701993728, "PR-AUC": 0.6346440944696468}}