{"valve_12_6dB": {"AUC": 0.33506493506493507}, "valve_14_6dB": {"AUC": 0.4328166666666667}, "valve_15_6dB": {"AUC": 0.5989415322580645}, "valve_13_6dB": {"AUC": 0.7150188323917137}, "pump_5_6dB": {"AUC": 0.43451419547037073}, "pump_7_6dB": {"AUC": 0.509425391778333}, "pump_6_6dB": {"AUC": 0.8349002849002849}, "pump_4_6dB": {"AUC": 0.5633680434873278}, "fan_1_6dB": {"AUC": 0.9326267190138837}, "fan_3_6dB": {"AUC": 0.9481770449168703}, "fan_2_6dB": {"AUC": 0.8954991980753809}, "fan_0_6dB": {"AUC": 0.6895321964628895}, "slider_8_6dB": {"AUC": 0.9910364852922611}, "slider_10_6dB": {"AUC": 0.8836636788284309}, "slider_11_6dB": {"AUC": 0.8285570003787401}, "slider_9_6dB": {"AUC": 0.5604230666722777}, "valve_12_min6dB": {"AUC": 0.4192852898735252}, "valve_14_min6dB": {"AUC": 0.44323333333333337}, "valve_15_min6dB": {"AUC": 0.498067876344086}, "valve_13_min6dB": {"AUC": 0.5685734463276836}, "pump_4_min6dB": {"AUC": 0.6374480390384962}, "pump_6_min6dB": {"AUC": 0.6718233618233618}, "pump_7_min6dB": {"AUC": 0.5148762207585736}, "pump_5_min6dB": {"AUC": 0.521553425935896}, "fan_0_min6dB": {"AUC": 0.5686525409297687}, "fan_2_min6dB": {"AUC": 0.5325559119664974}, "fan_3_min6dB": {"AUC": 0.592606555316975}, "fan_1_min6dB": {"AUC": 0.5739642050314742}, "slider_8_min6dB": {"AUC": 0.9396277826873711}, "slider_10_min6dB": {"AUC": 0.676051003661154}, "slider_11_min6dB": {"AUC": 0.5455119303118293}, "slider_9_min6dB": {"AUC": 0.5832456620235941}, "valve_13_0dB": {"AUC": 0.6678436911487758}, "valve_15_0dB": {"AUC": 0.5265120967741936}, "valve_14_0dB": {"AUC": 0.4838166666666667}, "valve_12_0dB": {"AUC": 0.3848399966047025}, "slider_8_0dB": {"AUC": 0.9785065017043303}, "slider_10_0dB": {"AUC": 0.8216765559904052}, "slider_11_0dB": {"AUC": 0.626351891596179}, "slider_9_0dB": {"AUC": 0.6434372764381601}, "pump_4_0dB": {"AUC": 0.5491109288325988}, "pump_6_0dB": {"AUC": 0.7150997150997151}, "pump_7_0dB": {"AUC": 0.5257778787190551}, "pump_5_0dB": {"AUC": 0.4790208535228455}, "fan_0_0dB": {"AUC": 0.6034446687912036}, "fan_2_0dB": {"AUC": 0.7429219014523745}, "fan_3_0dB": {"AUC": 0.8092248684620301}, "fan_1_0dB": {"AUC": 0.7185258701993728}}